[
{
    "model": "auth.permission",
    "pk": 1,
    "fields": {
        "name": "Can add log entry",
        "content_type": 1,
        "codename": "add_logentry"
    }
},
{
    "model": "auth.permission",
    "pk": 2,
    "fields": {
        "name": "Can change log entry",
        "content_type": 1,
        "codename": "change_logentry"
    }
},
{
    "model": "auth.permission",
    "pk": 3,
    "fields": {
        "name": "Can delete log entry",
        "content_type": 1,
        "codename": "delete_logentry"
    }
},
{
    "model": "auth.permission",
    "pk": 4,
    "fields": {
        "name": "Can view log entry",
        "content_type": 1,
        "codename": "view_logentry"
    }
},
{
    "model": "auth.permission",
    "pk": 5,
    "fields": {
        "name": "Can add permission",
        "content_type": 2,
        "codename": "add_permission"
    }
},
{
    "model": "auth.permission",
    "pk": 6,
    "fields": {
        "name": "Can change permission",
        "content_type": 2,
        "codename": "change_permission"
    }
},
{
    "model": "auth.permission",
    "pk": 7,
    "fields": {
        "name": "Can delete permission",
        "content_type": 2,
        "codename": "delete_permission"
    }
},
{
    "model": "auth.permission",
    "pk": 8,
    "fields": {
        "name": "Can view permission",
        "content_type": 2,
        "codename": "view_permission"
    }
},
{
    "model": "auth.permission",
    "pk": 9,
    "fields": {
        "name": "Can add group",
        "content_type": 3,
        "codename": "add_group"
    }
},
{
    "model": "auth.permission",
    "pk": 10,
    "fields": {
        "name": "Can change group",
        "content_type": 3,
        "codename": "change_group"
    }
},
{
    "model": "auth.permission",
    "pk": 11,
    "fields": {
        "name": "Can delete group",
        "content_type": 3,
        "codename": "delete_group"
    }
},
{
    "model": "auth.permission",
    "pk": 12,
    "fields": {
        "name": "Can view group",
        "content_type": 3,
        "codename": "view_group"
    }
},
{
    "model": "auth.permission",
    "pk": 13,
    "fields": {
        "name": "Can add user",
        "content_type": 4,
        "codename": "add_user"
    }
},
{
    "model": "auth.permission",
    "pk": 14,
    "fields": {
        "name": "Can change user",
        "content_type": 4,
        "codename": "change_user"
    }
},
{
    "model": "auth.permission",
    "pk": 15,
    "fields": {
        "name": "Can delete user",
        "content_type": 4,
        "codename": "delete_user"
    }
},
{
    "model": "auth.permission",
    "pk": 16,
    "fields": {
        "name": "Can view user",
        "content_type": 4,
        "codename": "view_user"
    }
},
{
    "model": "auth.permission",
    "pk": 17,
    "fields": {
        "name": "Can add content type",
        "content_type": 5,
        "codename": "add_contenttype"
    }
},
{
    "model": "auth.permission",
    "pk": 18,
    "fields": {
        "name": "Can change content type",
        "content_type": 5,
        "codename": "change_contenttype"
    }
},
{
    "model": "auth.permission",
    "pk": 19,
    "fields": {
        "name": "Can delete content type",
        "content_type": 5,
        "codename": "delete_contenttype"
    }
},
{
    "model": "auth.permission",
    "pk": 20,
    "fields": {
        "name": "Can view content type",
        "content_type": 5,
        "codename": "view_contenttype"
    }
},
{
    "model": "auth.permission",
    "pk": 21,
    "fields": {
        "name": "Can add session",
        "content_type": 6,
        "codename": "add_session"
    }
},
{
    "model": "auth.permission",
    "pk": 22,
    "fields": {
        "name": "Can change session",
        "content_type": 6,
        "codename": "change_session"
    }
},
{
    "model": "auth.permission",
    "pk": 23,
    "fields": {
        "name": "Can delete session",
        "content_type": 6,
        "codename": "delete_session"
    }
},
{
    "model": "auth.permission",
    "pk": 24,
    "fields": {
        "name": "Can view session",
        "content_type": 6,
        "codename": "view_session"
    }
},
{
    "model": "auth.permission",
    "pk": 25,
    "fields": {
        "name": "Can add user",
        "content_type": 7,
        "codename": "add_user"
    }
},
{
    "model": "auth.permission",
    "pk": 26,
    "fields": {
        "name": "Can change user",
        "content_type": 7,
        "codename": "change_user"
    }
},
{
    "model": "auth.permission",
    "pk": 27,
    "fields": {
        "name": "Can delete user",
        "content_type": 7,
        "codename": "delete_user"
    }
},
{
    "model": "auth.permission",
    "pk": 28,
    "fields": {
        "name": "Can view user",
        "content_type": 7,
        "codename": "view_user"
    }
},
{
    "model": "auth.permission",
    "pk": 29,
    "fields": {
        "name": "Can add user profile",
        "content_type": 8,
        "codename": "add_userprofile"
    }
},
{
    "model": "auth.permission",
    "pk": 30,
    "fields": {
        "name": "Can change user profile",
        "content_type": 8,
        "codename": "change_userprofile"
    }
},
{
    "model": "auth.permission",
    "pk": 31,
    "fields": {
        "name": "Can delete user profile",
        "content_type": 8,
        "codename": "delete_userprofile"
    }
},
{
    "model": "auth.permission",
    "pk": 32,
    "fields": {
        "name": "Can view user profile",
        "content_type": 8,
        "codename": "view_userprofile"
    }
},
{
    "model": "auth.permission",
    "pk": 33,
    "fields": {
        "name": "Can add user settings",
        "content_type": 9,
        "codename": "add_usersettings"
    }
},
{
    "model": "auth.permission",
    "pk": 34,
    "fields": {
        "name": "Can change user settings",
        "content_type": 9,
        "codename": "change_usersettings"
    }
},
{
    "model": "auth.permission",
    "pk": 35,
    "fields": {
        "name": "Can delete user settings",
        "content_type": 9,
        "codename": "delete_usersettings"
    }
},
{
    "model": "auth.permission",
    "pk": 36,
    "fields": {
        "name": "Can view user settings",
        "content_type": 9,
        "codename": "view_usersettings"
    }
},
{
    "model": "auth.permission",
    "pk": 37,
    "fields": {
        "name": "Can add user stats",
        "content_type": 10,
        "codename": "add_userstats"
    }
},
{
    "model": "auth.permission",
    "pk": 38,
    "fields": {
        "name": "Can change user stats",
        "content_type": 10,
        "codename": "change_userstats"
    }
},
{
    "model": "auth.permission",
    "pk": 39,
    "fields": {
        "name": "Can delete user stats",
        "content_type": 10,
        "codename": "delete_userstats"
    }
},
{
    "model": "auth.permission",
    "pk": 40,
    "fields": {
        "name": "Can view user stats",
        "content_type": 10,
        "codename": "view_userstats"
    }
},
{
    "model": "auth.permission",
    "pk": 41,
    "fields": {
        "name": "Can add ingredient",
        "content_type": 11,
        "codename": "add_ingredient"
    }
},
{
    "model": "auth.permission",
    "pk": 42,
    "fields": {
        "name": "Can change ingredient",
        "content_type": 11,
        "codename": "change_ingredient"
    }
},
{
    "model": "auth.permission",
    "pk": 43,
    "fields": {
        "name": "Can delete ingredient",
        "content_type": 11,
        "codename": "delete_ingredient"
    }
},
{
    "model": "auth.permission",
    "pk": 44,
    "fields": {
        "name": "Can view ingredient",
        "content_type": 11,
        "codename": "view_ingredient"
    }
},
{
    "model": "auth.permission",
    "pk": 45,
    "fields": {
        "name": "Can add recipe",
        "content_type": 12,
        "codename": "add_recipe"
    }
},
{
    "model": "auth.permission",
    "pk": 46,
    "fields": {
        "name": "Can change recipe",
        "content_type": 12,
        "codename": "change_recipe"
    }
},
{
    "model": "auth.permission",
    "pk": 47,
    "fields": {
        "name": "Can delete recipe",
        "content_type": 12,
        "codename": "delete_recipe"
    }
},
{
    "model": "auth.permission",
    "pk": 48,
    "fields": {
        "name": "Can view recipe",
        "content_type": 12,
        "codename": "view_recipe"
    }
},
{
    "model": "auth.permission",
    "pk": 49,
    "fields": {
        "name": "Can add recipe ingredient",
        "content_type": 13,
        "codename": "add_recipeingredient"
    }
},
{
    "model": "auth.permission",
    "pk": 50,
    "fields": {
        "name": "Can change recipe ingredient",
        "content_type": 13,
        "codename": "change_recipeingredient"
    }
},
{
    "model": "auth.permission",
    "pk": 51,
    "fields": {
        "name": "Can delete recipe ingredient",
        "content_type": 13,
        "codename": "delete_recipeingredient"
    }
},
{
    "model": "auth.permission",
    "pk": 52,
    "fields": {
        "name": "Can view recipe ingredient",
        "content_type": 13,
        "codename": "view_recipeingredient"
    }
},
{
    "model": "auth.permission",
    "pk": 53,
    "fields": {
        "name": "Can add utensil",
        "content_type": 14,
        "codename": "add_utensil"
    }
},
{
    "model": "auth.permission",
    "pk": 54,
    "fields": {
        "name": "Can change utensil",
        "content_type": 14,
        "codename": "change_utensil"
    }
},
{
    "model": "auth.permission",
    "pk": 55,
    "fields": {
        "name": "Can delete utensil",
        "content_type": 14,
        "codename": "delete_utensil"
    }
},
{
    "model": "auth.permission",
    "pk": 56,
    "fields": {
        "name": "Can view utensil",
        "content_type": 14,
        "codename": "view_utensil"
    }
},
{
    "model": "auth.permission",
    "pk": 57,
    "fields": {
        "name": "Can add step",
        "content_type": 15,
        "codename": "add_step"
    }
},
{
    "model": "auth.permission",
    "pk": 58,
    "fields": {
        "name": "Can change step",
        "content_type": 15,
        "codename": "change_step"
    }
},
{
    "model": "auth.permission",
    "pk": 59,
    "fields": {
        "name": "Can delete step",
        "content_type": 15,
        "codename": "delete_step"
    }
},
{
    "model": "auth.permission",
    "pk": 60,
    "fields": {
        "name": "Can view step",
        "content_type": 15,
        "codename": "view_step"
    }
},
{
    "model": "auth.permission",
    "pk": 61,
    "fields": {
        "name": "Can add category",
        "content_type": 16,
        "codename": "add_category"
    }
},
{
    "model": "auth.permission",
    "pk": 62,
    "fields": {
        "name": "Can change category",
        "content_type": 16,
        "codename": "change_category"
    }
},
{
    "model": "auth.permission",
    "pk": 63,
    "fields": {
        "name": "Can delete category",
        "content_type": 16,
        "codename": "delete_category"
    }
},
{
    "model": "auth.permission",
    "pk": 64,
    "fields": {
        "name": "Can view category",
        "content_type": 16,
        "codename": "view_category"
    }
},
{
    "model": "auth.permission",
    "pk": 65,
    "fields": {
        "name": "Can add comment",
        "content_type": 17,
        "codename": "add_comment"
    }
},
{
    "model": "auth.permission",
    "pk": 66,
    "fields": {
        "name": "Can change comment",
        "content_type": 17,
        "codename": "change_comment"
    }
},
{
    "model": "auth.permission",
    "pk": 67,
    "fields": {
        "name": "Can delete comment",
        "content_type": 17,
        "codename": "delete_comment"
    }
},
{
    "model": "auth.permission",
    "pk": 68,
    "fields": {
        "name": "Can view comment",
        "content_type": 17,
        "codename": "view_comment"
    }
},
{
    "model": "auth.permission",
    "pk": 69,
    "fields": {
        "name": "Can add tag",
        "content_type": 18,
        "codename": "add_tag"
    }
},
{
    "model": "auth.permission",
    "pk": 70,
    "fields": {
        "name": "Can change tag",
        "content_type": 18,
        "codename": "change_tag"
    }
},
{
    "model": "auth.permission",
    "pk": 71,
    "fields": {
        "name": "Can delete tag",
        "content_type": 18,
        "codename": "delete_tag"
    }
},
{
    "model": "auth.permission",
    "pk": 72,
    "fields": {
        "name": "Can view tag",
        "content_type": 18,
        "codename": "view_tag"
    }
},
{
    "model": "auth.permission",
    "pk": 73,
    "fields": {
        "name": "Can add rating",
        "content_type": 19,
        "codename": "add_rating"
    }
},
{
    "model": "auth.permission",
    "pk": 74,
    "fields": {
        "name": "Can change rating",
        "content_type": 19,
        "codename": "change_rating"
    }
},
{
    "model": "auth.permission",
    "pk": 75,
    "fields": {
        "name": "Can delete rating",
        "content_type": 19,
        "codename": "delete_rating"
    }
},
{
    "model": "auth.permission",
    "pk": 76,
    "fields": {
        "name": "Can view rating",
        "content_type": 19,
        "codename": "view_rating"
    }
},
{
    "model": "auth.permission",
    "pk": 77,
    "fields": {
        "name": "Can add contact message",
        "content_type": 20,
        "codename": "add_contactmessage"
    }
},
{
    "model": "auth.permission",
    "pk": 78,
    "fields": {
        "name": "Can change contact message",
        "content_type": 20,
        "codename": "change_contactmessage"
    }
},
{
    "model": "auth.permission",
    "pk": 79,
    "fields": {
        "name": "Can delete contact message",
        "content_type": 20,
        "codename": "delete_contactmessage"
    }
},
{
    "model": "auth.permission",
    "pk": 80,
    "fields": {
        "name": "Can view contact message",
        "content_type": 20,
        "codename": "view_contactmessage"
    }
},
{
    "model": "contenttypes.contenttype",
    "pk": 1,
    "fields": {
        "app_label": "admin",
        "model": "logentry"
    }
},
{
    "model": "contenttypes.contenttype",
    "pk": 2,
    "fields": {
        "app_label": "auth",
        "model": "permission"
    }
},
{
    "model": "contenttypes.contenttype",
    "pk": 3,
    "fields": {
        "app_label": "auth",
        "model": "group"
    }
},
{
    "model": "contenttypes.contenttype",
    "pk": 4,
    "fields": {
        "app_label": "auth",
        "model": "user"
    }
},
{
    "model": "contenttypes.contenttype",
    "pk": 5,
    "fields": {
        "app_label": "contenttypes",
        "model": "contenttype"
    }
},
{
    "model": "contenttypes.contenttype",
    "pk": 6,
    "fields": {
        "app_label": "sessions",
        "model": "session"
    }
},
{
    "model": "contenttypes.contenttype",
    "pk": 7,
    "fields": {
        "app_label": "recetas",
        "model": "user"
    }
},
{
    "model": "contenttypes.contenttype",
    "pk": 8,
    "fields": {
        "app_label": "recetas",
        "model": "userprofile"
    }
},
{
    "model": "contenttypes.contenttype",
    "pk": 9,
    "fields": {
        "app_label": "recetas",
        "model": "usersettings"
    }
},
{
    "model": "contenttypes.contenttype",
    "pk": 10,
    "fields": {
        "app_label": "recetas",
        "model": "userstats"
    }
},
{
    "model": "contenttypes.contenttype",
    "pk": 11,
    "fields": {
        "app_label": "recetas",
        "model": "ingredient"
    }
},
{
    "model": "contenttypes.contenttype",
    "pk": 12,
    "fields": {
        "app_label": "recetas",
        "model": "recipe"
    }
},
{
    "model": "contenttypes.contenttype",
    "pk": 13,
    "fields": {
        "app_label": "recetas",
        "model": "recipeingredient"
    }
},
{
    "model": "contenttypes.contenttype",
    "pk": 14,
    "fields": {
        "app_label": "recetas",
        "model": "utensil"
    }
},
{
    "model": "contenttypes.contenttype",
    "pk": 15,
    "fields": {
        "app_label": "recetas",
        "model": "step"
    }
},
{
    "model": "contenttypes.contenttype",
    "pk": 16,
    "fields": {
        "app_label": "recetas",
        "model": "category"
    }
},
{
    "model": "contenttypes.contenttype",
    "pk": 17,
    "fields": {
        "app_label": "recetas",
        "model": "comment"
    }
},
{
    "model": "contenttypes.contenttype",
    "pk": 18,
    "fields": {
        "app_label": "recetas",
        "model": "tag"
    }
},
{
    "model": "contenttypes.contenttype",
    "pk": 19,
    "fields": {
        "app_label": "recetas",
        "model": "rating"
    }
},
{
    "model": "contenttypes.contenttype",
    "pk": 20,
    "fields": {
        "app_label": "recetas",
        "model": "contactmessage"
    }
},
{
    "model": "recetas.user",
    "pk": 1,
    "fields": {
        "username": "alcarazrosalia",
        "name": "Ceferino Landa Carnero",
        "password": "gQU7_Jmba$",
        "date_joined": "2021-11-11",
        "bio": "Materia organización socialista importante economía. Artículo gonzález usted produce. Habría cama capacidad partes entrar centro libre deseo. Sus constitución grupos actual."
    }
},
{
    "model": "recetas.user",
    "pk": 2,
    "fields": {
        "username": "jose-antonio53",
        "name": "Cintia Montalbán Blazquez",
        "password": "y@J5mqkrmN",
        "date_joined": "2020-04-08",
        "bio": "Desarrollo así dado. Anterior padre juicio único última.\nEstoy banco relación r. Entrar antonio a estas pedro."
    }
},
{
    "model": "recetas.user",
    "pk": 3,
    "fields": {
        "username": "tmuniz",
        "name": "Amparo Ángel Vigil",
        "password": "ySQN%zJ2)2",
        "date_joined": "2024-10-24",
        "bio": "Bien región doctor estructura ha creación señor. Vivir mundo hicieron nacional.\nSupuesto título recursos. Supuesto diversos camino humanos vez memoria orden."
    }
},
{
    "model": "recetas.user",
    "pk": 4,
    "fields": {
        "username": "caballeromarianela",
        "name": "Pía Escalona-Giner",
        "password": "V7kwX2aP#l",
        "date_joined": "2020-07-14",
        "bio": "Usted soy cierto. Conocimiento hemos adelante mal verdad pregunta principios pública.\nNiños quienes toma seguir. Dolor salud objeto prueba. Suficiente banco empresa adelante cuando hoy."
    }
},
{
    "model": "recetas.user",
    "pk": 5,
    "fields": {
        "username": "hquintanilla",
        "name": "Felipe Zurita Salom",
        "password": "+JE%KobMI1",
        "date_joined": "2023-09-28",
        "bio": "Parecía mayoría millones has. Lejos minutos día atrás.\nPosibilidad hacer total acciones contra. Juan hablar niveles oficial educación."
    }
},
{
    "model": "recetas.user",
    "pk": 6,
    "fields": {
        "username": "clemente22",
        "name": "Cleto Márquez Luna",
        "password": "zt0$VZkVQ+",
        "date_joined": "2024-02-23",
        "bio": "Llega gracias puerto. Relaciones edad san aquel. Metros ciudad consejo larga nuevos lucha finalmente.\nEspecial carne juego viaje pasado nosotros valores. Mientras comercio buscar creo."
    }
},
{
    "model": "recetas.user",
    "pk": 7,
    "fields": {
        "username": "juanitobusquets",
        "name": "Feliciano del Olivera",
        "password": "9JYBhr!2@o",
        "date_joined": "2021-07-08",
        "bio": "Libre realizar superior quiero. Gran líder podemos militares fuera contrario. Caso quería he unas total pesetas. Bastante estaba g color gonzález esfuerzo señora metros."
    }
},
{
    "model": "recetas.user",
    "pk": 8,
    "fields": {
        "username": "vilablas",
        "name": "Adalberto Mayo Priego",
        "password": "z)1R8JXp@q",
        "date_joined": "2020-05-17",
        "bio": "Casi comunidad calle equipo. Respecto se modelo mí época podrá alto. Tenía algunas situación español organización acuerdo."
    }
},
{
    "model": "recetas.user",
    "pk": 9,
    "fields": {
        "username": "jberenguer",
        "name": "Pepita Ávila",
        "password": "WS@7lLyyH#",
        "date_joined": "2023-03-15",
        "bio": "Medidas mayores sector condiciones ante. Sistema usted muerto elementos opinión servicios lleva."
    }
},
{
    "model": "recetas.user",
    "pk": 10,
    "fields": {
        "username": "poncio03",
        "name": "Herminia Salamanca Balaguer",
        "password": "S))1HnFVXJ",
        "date_joined": "2022-08-22",
        "bio": "Podría congreso prueba señaló llegar ellas. Tuvo volvió estuvo.\nMás comisión interior imagen apoyo."
    }
},
{
    "model": "recetas.user",
    "pk": 11,
    "fields": {
        "username": "remigiocalderon",
        "name": "Clímaco Blázquez Bayo",
        "password": "z^51DYvJJj",
        "date_joined": "2021-08-08",
        "bio": "Situación sean tarde grande mitad. Teoría deseo millones democracia igual.\nFecha mis relaciones música tipos estado."
    }
},
{
    "model": "recetas.user",
    "pk": 12,
    "fields": {
        "username": "canetlino",
        "name": "Goyo Morell Pedro",
        "password": "4oPjdk*P(n",
        "date_joined": "2021-11-23",
        "bio": "Líder sala propio siquiera nuestra día. Sentido humano sea cada han número. Para creo sentido.\nRazones técnica tengo capacidad dio embargo. Escuela llevar diferentes cambio serie miedo."
    }
},
{
    "model": "recetas.user",
    "pk": 13,
    "fields": {
        "username": "adrianaarteaga",
        "name": "Natalio Barbero Mendizábal",
        "password": "e3n2vXvvo*",
        "date_joined": "2023-08-08",
        "bio": "Partido sistemas junio acciones capital miguel. Nosotros dar sangre puedo igual.\nArriba supuesto vía cosa algún habían. Llegar radio otros justicia pasó fiscal servicio."
    }
},
{
    "model": "recetas.user",
    "pk": 14,
    "fields": {
        "username": "cabanillasgilberto",
        "name": "Flor Jordán",
        "password": "+uIdUx$C#5",
        "date_joined": "2024-07-19",
        "bio": "Paso hemos buena buena instituciones. Joven francia razón quien socialista hasta sigue. Esfuerzo al ahora costa maría juez."
    }
},
{
    "model": "recetas.user",
    "pk": 15,
    "fields": {
        "username": "elena55",
        "name": "Isidora Cobos Belda",
        "password": "^3PP3cagAM",
        "date_joined": "2024-07-27",
        "bio": "Busca pueblo aquella presencia abril material en. Cuestión luz seguro español humana. Hospital título artículo los decisión. Encuentra tú siendo población clase."
    }
},
{
    "model": "recetas.user",
    "pk": 16,
    "fields": {
        "username": "nicanorcarbajo",
        "name": "Alberto Macías-Barón",
        "password": "(+8eVAr$Tc",
        "date_joined": "2021-12-24",
        "bio": "Menor fuerte europea encima poco c pueden modo. Río pese historia casa acerca.\nBien hospital aquellos asimismo. Esto chile josé secretario ciudad. Centro dolor causa libro podía."
    }
},
{
    "model": "recetas.user",
    "pk": 17,
    "fields": {
        "username": "rufino45",
        "name": "Manuelita Acedo Diego",
        "password": "0^kw6QYwIP",
        "date_joined": "2021-09-28",
        "bio": "La valores tampoco libre comercio posible.\nEquipo haciendo saber ningún. Explicó marcha aun río. Dado propuesta mil dejó."
    }
},
{
    "model": "recetas.user",
    "pk": 18,
    "fields": {
        "username": "cabreraisabel",
        "name": "Cesar del Ricart",
        "password": "@lUs3_o)!1",
        "date_joined": "2022-02-16",
        "bio": "Va hemos podrá gracias mayo luis ve. Población grandes características volvió. Mirada él soy sobre creación grande."
    }
},
{
    "model": "recetas.user",
    "pk": 19,
    "fields": {
        "username": "bmartin",
        "name": "Gervasio Ponce",
        "password": "7B9KUFbS@A",
        "date_joined": "2022-01-14",
        "bio": "Relaciones buscar economía también pensar natural ex. Y aquí ninguna ahí económica. Millones nada menos podemos. Padre tierra viejo precio medios."
    }
},
{
    "model": "recetas.user",
    "pk": 20,
    "fields": {
        "username": "imarti",
        "name": "José Manuel Sancho",
        "password": "P6l0CX(s@(",
        "date_joined": "2024-09-25",
        "bio": "Muy señaló salir. Cuenta ningún jorge b su en. San meses francisco resultado teatro fueron. Partidos práctica cabo valores junio valores.\nLa niños radio libre creo. Teoría ser gran cuerpo."
    }
},
{
    "model": "recetas.user",
    "pk": 21,
    "fields": {
        "username": "jovitacarreras",
        "name": "Santiago Prats Mariño",
        "password": "^K4BTVun%8",
        "date_joined": "2024-12-06",
        "bio": "Generales niños haya capaz. Decisión todas nosotros cosa. Donde haciendo educación.\nLuis domingo político paz las gran trabajar. Programas palabra recuerdo estaban con señora."
    }
},
{
    "model": "recetas.user",
    "pk": 22,
    "fields": {
        "username": "nicolasa12",
        "name": "Dulce Aparicio",
        "password": "C9OK7)bT)i",
        "date_joined": "2024-10-17",
        "bio": "Aumento enero mujeres. Atención hay producto presencia una aspecto permite.\nLlama posibilidad s caso aunque del.\nOjos chile embargo van van podrá están. Memoria he televisión todos nada diferencia j."
    }
},
{
    "model": "recetas.user",
    "pk": 23,
    "fields": {
        "username": "kbenitez",
        "name": "Manuela Sánchez Almagro",
        "password": "XyCq2P_g()",
        "date_joined": "2023-01-01",
        "bio": "Área escuela hacía mediante relación entre líder ciencia. Derechos teoría diario medios duda noche radio. Allá finalmente sistema felipe guerra ciudad."
    }
},
{
    "model": "recetas.user",
    "pk": 24,
    "fields": {
        "username": "coboleonel",
        "name": "Saturnina Carbó Fiol",
        "password": "&!2_!NWqc6",
        "date_joined": "2021-06-23",
        "bio": "Antonio personal fuerza buen presente quiere según. Derechos estado efectos evitar aspectos lópez carrera. Gente época tras las siendo frente."
    }
},
{
    "model": "recetas.user",
    "pk": 25,
    "fields": {
        "username": "salvadorlucho",
        "name": "Rosalinda Noriega Rosa",
        "password": ")c#PzP37G9",
        "date_joined": "2020-02-27",
        "bio": "Manos número media guerra. Ciento mí público."
    }
},
{
    "model": "recetas.user",
    "pk": 26,
    "fields": {
        "username": "nildagallego",
        "name": "María Luisa Diego Costa",
        "password": "4@Ik2XdoNl",
        "date_joined": "2020-04-27",
        "bio": "Causa europa jefe. Esa diversas garcía posible.\nAnte luis los diversas. Nuevo distintos escuela."
    }
},
{
    "model": "recetas.user",
    "pk": 27,
    "fields": {
        "username": "kpuga",
        "name": "Elpidio Arroyo Iglesias",
        "password": "Wmr)2YaoZH",
        "date_joined": "2024-09-18",
        "bio": "Propio juego pueblo dicen ambos. Ocasión servicio finalmente lucha millones creo plazo. Curso lópez origen nacional producción lugar tres."
    }
},
{
    "model": "recetas.user",
    "pk": 28,
    "fields": {
        "username": "poncemarcela",
        "name": "Jose Manuel Landa Santiago",
        "password": "Bzt%6iAQF@",
        "date_joined": "2023-10-21",
        "bio": "Niño ésta no vio. Unión tú pues color puesto hubo sociedad ley. Mayo está jamás generales hemos mismos nadie."
    }
},
{
    "model": "recetas.user",
    "pk": 29,
    "fields": {
        "username": "mascaroraul",
        "name": "Amarilis Suárez Ledesma",
        "password": "r5F3%Mcb^c",
        "date_joined": "2025-01-24",
        "bio": "Espera hacía muchos tu. Miguel serie ahora.\nComunicación después busca amigo poder. Pedro mayor era hasta. Común más muerte universidad poner estaban."
    }
},
{
    "model": "recetas.user",
    "pk": 30,
    "fields": {
        "username": "jbarrera",
        "name": "Adán Vilanova Seco",
        "password": "I1Y_Jsh3*&",
        "date_joined": "2022-02-18",
        "bio": "Bien pues sé cabo bajo podría. Parece según condiciones situación vuelve operación.\nCapaz qué llegar parece militares ver. Razones mayor habla flores. Pesar apoyo carácter razones igual grandes."
    }
},
{
    "model": "recetas.user",
    "pk": 31,
    "fields": {
        "username": "fescalona",
        "name": "Eustaquio Ponce López",
        "password": "*4v#YUVd#s",
        "date_joined": "2025-09-05",
        "bio": "Mano televisión está conocimiento dejar. Buenos izquierda ejército control necesario. Nuestro entre aquellos cuales don generales tenemos. Mediante están ideas.\nDemás estos vía jóvenes."
    }
},
{
    "model": "recetas.user",
    "pk": 32,
    "fields": {
        "username": "lcampillo",
        "name": "Guadalupe Folch Cornejo",
        "password": "i_4FC4zKHG",
        "date_joined": "2023-03-13",
        "bio": "Una felipe cuatro baja manuel encuentro sectores. Riesgo el objetivo. Luz voy forma finalmente explicó hoy cuatro."
    }
},
{
    "model": "recetas.user",
    "pk": 33,
    "fields": {
        "username": "llorentegabriela",
        "name": "Basilio Gimeno",
        "password": "5yd3Wxe9#7",
        "date_joined": "2022-10-07",
        "bio": "Ver ocasiones decisión niveles verdad podrá vida. Principal eso estilo jamás dolor tenían habla.\nQueda parece c martín. Conocimiento teatro humana decisión función."
    }
},
{
    "model": "recetas.user",
    "pk": 34,
    "fields": {
        "username": "palmereladio",
        "name": "Danilo Gilabert",
        "password": "+f2HJch@*f",
        "date_joined": "2023-01-02",
        "bio": "Llegó su santa demás américa rafael visita. Noche atención fuera diez nada acto buena."
    }
},
{
    "model": "recetas.user",
    "pk": 35,
    "fields": {
        "username": "nacio74",
        "name": "Rebeca Ángel",
        "password": "3nfQG^Ts)d",
        "date_joined": "2020-05-23",
        "bio": "Va área familia operación acuerdo empresas. Producción plan has pero ley tema.\nOtro tierra esas cómo profesional. Ha presidente idea.\nI acción estas p cuales nombre partir."
    }
},
{
    "model": "recetas.user",
    "pk": 36,
    "fields": {
        "username": "carbosalome",
        "name": "Candela Bernarda Checa Saura",
        "password": "!1SFFb%b2w",
        "date_joined": "2024-02-08",
        "bio": "Ese caso muerto. Libre medidas flores muy capacidad hoy. Va tampoco cualquier misma adelante formas."
    }
},
{
    "model": "recetas.user",
    "pk": 37,
    "fields": {
        "username": "ninobernardino",
        "name": "Sebastian Andrés Bonet",
        "password": "nG17T9cfg)",
        "date_joined": "2021-08-20",
        "bio": "Mar secretario igual ciudad sala fueron aspecto. Carta considera ayuda clase elementos capaz acción niño.\nPrimera mayoría hospital supuesto viaje actividad diferentes grupos. Hacerlo animales sabe."
    }
},
{
    "model": "recetas.user",
    "pk": 38,
    "fields": {
        "username": "ester65",
        "name": "Nazaret Luna Benavent",
        "password": "(6SI4jSp*J",
        "date_joined": "2021-02-08",
        "bio": "Prensa medio aquel. Exterior palabra padres actividad actitud mayo corazón cualquier. Cinco manera partidos región.\nHan unas autor santiago. Puesto decía televisión n segunda mundo causa pp."
    }
},
{
    "model": "recetas.user",
    "pk": 39,
    "fields": {
        "username": "eulalia82",
        "name": "Julio Leal Company",
        "password": "oO$^L7to#&",
        "date_joined": "2022-07-21",
        "bio": "Anterior b domingo dejar viaje. Tarde nacional salir fueron respuesta.\nAlguien instituto autoridades hacia diario visita. Parece haya medio debe. Derechos hemos quien ideas familia pie nunca."
    }
},
{
    "model": "recetas.user",
    "pk": 40,
    "fields": {
        "username": "virgiliojulia",
        "name": "Julie Ramírez Guillén",
        "password": "o*N#1gVmKy",
        "date_joined": "2022-02-06",
        "bio": "Pasado a hacerlo este mil mejor. Bueno ello cama asimismo yo.\nPocos su miedo así septiembre. Hija sigue sí.\nFueron profesional mar teoría."
    }
},
{
    "model": "recetas.user",
    "pk": 41,
    "fields": {
        "username": "violeta96",
        "name": "Ismael Tomé Carnero",
        "password": "u!7Ai8vFqy",
        "date_joined": "2025-07-17",
        "bio": "Dice incluso señaló semanas familia. Psoe partes libros consejo chile. Ante había rafael grupos período.\nNecesario diversas deseo eso según julio según. Cierta serie está otro."
    }
},
{
    "model": "recetas.user",
    "pk": 42,
    "fields": {
        "username": "ainoaroman",
        "name": "Artemio de Luna",
        "password": "+7X_vlskJ8",
        "date_joined": "2020-08-22",
        "bio": "Mejor visto salida sería familia medio izquierda. Cuarto producción siendo palabras.\nMaterial río régimen permite etc razones.\nLuego aun todos allá civil crecimiento estaban."
    }
},
{
    "model": "recetas.user",
    "pk": 43,
    "fields": {
        "username": "danielajuarez",
        "name": "Graciano Ballesteros-Quirós",
        "password": "H1DUcDFw%H",
        "date_joined": "2024-04-07",
        "bio": "Interior europa resulta presenta centro.\nD grupos uso. Barcelona falta joven viaje aparece cantidad largo. Joven político n ello congreso baja c economía."
    }
},
{
    "model": "recetas.user",
    "pk": 44,
    "fields": {
        "username": "abel22",
        "name": "Paco Trillo Cueto",
        "password": "aABJzrpE#3",
        "date_joined": "2025-06-06",
        "bio": "Semanas encuentran arriba ley. Fecha palabra rodríguez constitución resulta. Rey tierra allá costa carácter contrario."
    }
},
{
    "model": "recetas.user",
    "pk": 45,
    "fields": {
        "username": "rpont",
        "name": "Darío Salom Gimenez",
        "password": "#62ym&8q@F",
        "date_joined": "2024-09-23",
        "bio": "Tan presidente cultura había mano. Hizo mujer se premio en ante. Vía seis aquí así dólares lenguaje.\nAdministración miedo costa han derecha llega."
    }
},
{
    "model": "recetas.user",
    "pk": 46,
    "fields": {
        "username": "angelinacabanillas",
        "name": "Eustaquio Borrás Baños",
        "password": "j&55ICq_zk",
        "date_joined": "2022-02-26",
        "bio": "Través quedó trabajo cierta vio nueva. Años fuerzas pesar esas habría parecía través valores. Cabeza ambos futuro u muy persona."
    }
},
{
    "model": "recetas.user",
    "pk": 47,
    "fields": {
        "username": "yenriquez",
        "name": "Judith Castelló Ocaña",
        "password": "b*r31Ph^nE",
        "date_joined": "2020-03-17",
        "bio": "Cambios unas quiero cuerpo artículo cuenta nombre. Enfermedad anterior contrario presente.\nNuestros luis suelo grado servicio cuya. Tu resto zona vamos."
    }
},
{
    "model": "recetas.user",
    "pk": 48,
    "fields": {
        "username": "josefinahurtado",
        "name": "Sabina Modesta Villalba Torre",
        "password": "lT)36GKn_)",
        "date_joined": "2020-06-07",
        "bio": "Permite europea ese izquierda. Acto segunda vuelta unos uno intereses estuvo. Revolución comunicación media aspecto mayoría enero. Diciembre otras calle unidad."
    }
},
{
    "model": "recetas.user",
    "pk": 49,
    "fields": {
        "username": "ernesto42",
        "name": "Febe Marí-Moles",
        "password": "@1@OH5ZzG3",
        "date_joined": "2020-04-20",
        "bio": "Diferencia cierta manuel uso necesidad cuanto cara. Artículo mediante siguientes desde."
    }
},
{
    "model": "recetas.user",
    "pk": 50,
    "fields": {
        "username": "alejandrobarrera",
        "name": "Agustín Pomares Mata",
        "password": "A%tnTv0p8Z",
        "date_joined": "2024-03-03",
        "bio": "Viejo tener paz octubre cuestión d cómo. Voz demasiado partido. Carta pronto estuvo sean país estaban mundo."
    }
},
{
    "model": "recetas.user",
    "pk": 51,
    "fields": {
        "username": "aranajavier",
        "name": "Severiano Goicoechea Requena",
        "password": "(pEFj6Qrp1",
        "date_joined": "2024-05-23",
        "bio": "Usted armas mismos ella le base podría hijos. Puntos peso varios ojos lo país. Haciendo consumo animales."
    }
},
{
    "model": "recetas.user",
    "pk": 52,
    "fields": {
        "username": "leandra17",
        "name": "Manuela Bernal Giménez",
        "password": "l)a4@F7kfK",
        "date_joined": "2024-06-09",
        "bio": "Única era también va problemas grandes tales. Jamás corazón pensar relaciones entrada consecuencia niños.\nPermite ex buen. Idea pesetas solamente mi mujer resto."
    }
},
{
    "model": "recetas.user",
    "pk": 53,
    "fields": {
        "username": "felisa92",
        "name": "Octavia Magdalena Águila Abella",
        "password": ")qURkYY4U8",
        "date_joined": "2021-12-13",
        "bio": "Tiempo abril hay pequeño palabras bueno apenas. Domingo podría tal exterior cambios permite anterior. Suerte habrá solamente menor."
    }
},
{
    "model": "recetas.user",
    "pk": 54,
    "fields": {
        "username": "zgalvan",
        "name": "Carina Teresita Barberá Peñalver",
        "password": "_qJ%hB%x9K",
        "date_joined": "2021-01-13",
        "bio": "Relación quedó cierto nosotros frente. Partir francia tipo les. Región empresa siquiera tribunal general."
    }
},
{
    "model": "recetas.user",
    "pk": 55,
    "fields": {
        "username": "ruanoabel",
        "name": "Fortunato Eliseo Alsina Gimenez",
        "password": "*hE&gab$(5",
        "date_joined": "2023-07-18",
        "bio": "Largo diez varios términos educación antonio. Director estilo pueda. Afirmó son española.\nInternacional asunto eso allá conseguir buenos. Mal chile da siquiera b."
    }
},
{
    "model": "recetas.user",
    "pk": 56,
    "fields": {
        "username": "perlita47",
        "name": "Concepción Pla",
        "password": "9M^Nlvx+@V",
        "date_joined": "2020-02-28",
        "bio": "Hemos josé muerte incluso medidas.\nNúmero junto llegar formación.\nCada zonas pudo juan mediante. Plan rafael casa junto escuela."
    }
},
{
    "model": "recetas.user",
    "pk": 57,
    "fields": {
        "username": "malcolea",
        "name": "Plinio Morata Casanova",
        "password": "^*o^H1Nl%r",
        "date_joined": "2022-04-20",
        "bio": "Algún pasa pública rosa. Económica semanas arte tratamiento podrá.\nEuropea supuesto mayor también. Contenido dónde las muerto esta martín.\nGente local siguiente apoyo fuerte. Presencia torno obra."
    }
},
{
    "model": "recetas.user",
    "pk": 58,
    "fields": {
        "username": "pomboamilcar",
        "name": "Elisa Escrivá Carmona",
        "password": "J)6k0PrYJ1",
        "date_joined": "2021-03-02",
        "bio": "Felipe educación presenta carrera. Secretario profesional quizá hombres cuales exterior si.\nEspecie apoyo falta podía empresas única plaza. U cuestión nueva ese desde ninguna total."
    }
},
{
    "model": "recetas.user",
    "pk": 59,
    "fields": {
        "username": "maximiliano67",
        "name": "Odalys Iglesia Plaza",
        "password": "z2dQw2Gh)J",
        "date_joined": "2023-05-12",
        "bio": "Crecimiento hechos arte uno sociales. Político garcía exterior curso. Llama dejó dentro administración debe."
    }
},
{
    "model": "recetas.user",
    "pk": 60,
    "fields": {
        "username": "paulinasilva",
        "name": "Casandra Ramirez",
        "password": "WqD0h7Lu_j",
        "date_joined": "2023-08-03",
        "bio": "Jorge período universidad buena juicio concepto derecho. Un ii centro. Parte siete paz llegar suelo.\nEstamos encuentran consecuencia vista estar cinco mucha."
    }
},
{
    "model": "recetas.user",
    "pk": 61,
    "fields": {
        "username": "tcalzada",
        "name": "Sol del Pelayo",
        "password": "b2T5CpmF%w",
        "date_joined": "2022-04-21",
        "bio": "Mundo cómo república medios. Diversos evitar texto punto mí nuevo. Sigue cuarto sueño población valor favor muy. Actual conseguir rodríguez partido campo militares cabeza."
    }
},
{
    "model": "recetas.user",
    "pk": 62,
    "fields": {
        "username": "zarteaga",
        "name": "Marcial Morillo Galiano",
        "password": "_5Nftog5_7",
        "date_joined": "2023-05-09",
        "bio": "Zonas condiciones este llama a. Rafael propuesta resultados hechos."
    }
},
{
    "model": "recetas.user",
    "pk": 63,
    "fields": {
        "username": "sevillamerche",
        "name": "Mirta Correa Moya",
        "password": "@ftnBKMto0",
        "date_joined": "2024-06-12",
        "bio": "Quiere españoles está. Carlos ideas club señora cambio ocasiones.\nÚltima habrá allí igual mayores finalmente diciembre. Oficial tarde o sé. Manos llevar hace supuesto obra por crisis."
    }
},
{
    "model": "recetas.user",
    "pk": 64,
    "fields": {
        "username": "jimenezcristina",
        "name": "Bienvenida Folch Colom",
        "password": "dJ7Y&ePl0%",
        "date_joined": "2020-09-09",
        "bio": "Propios artículo doctor puesto cuba. Aunque septiembre entonces yo libro obstante de. Pasar hija fernando eso."
    }
},
{
    "model": "recetas.user",
    "pk": 65,
    "fields": {
        "username": "pcerro",
        "name": "Micaela Mur Franch",
        "password": "Bo_2!3Rk%6",
        "date_joined": "2020-09-22",
        "bio": "Experiencia presencia lucha éxito pesar. Afirmó acto carrera posibilidades. Serán horas ha es consecuencia presente.\nUnidos son segundo amigo. Derechos seguir unión éxito. Hora he poner según s y."
    }
},
{
    "model": "recetas.user",
    "pk": 66,
    "fields": {
        "username": "gpomares",
        "name": "Amílcar Nicolau Zabaleta",
        "password": "4Kc8TLU$#v",
        "date_joined": "2020-12-22",
        "bio": "Estuvo último nueva relaciones carlos. Banco bajo blanca muchos.\nMisma mediante octubre nuestros. Rosa plaza existencia juego."
    }
},
{
    "model": "recetas.user",
    "pk": 67,
    "fields": {
        "username": "eliasadela",
        "name": "Pedro Eutimio Pera Becerra",
        "password": "((5DotpRAJ",
        "date_joined": "2021-12-06",
        "bio": "Algo nivel propuesta boca segunda. Diferencia noche mar instituciones mediante. Van tales hacerlo deseo junio cabo seguridad.\nCarlos sabe ii destino precios tratamiento trata. Siguientes en resulta."
    }
},
{
    "model": "recetas.user",
    "pk": 68,
    "fields": {
        "username": "baudelio96",
        "name": "Isidro Navarrete Fuente",
        "password": "Gg3xT(uj()",
        "date_joined": "2022-01-31",
        "bio": "Técnica peor productos el. Zonas perdido diferencia sala en oposición.\nConseguir pero norte muchos encuentran. Les maría ayuda información.\nMuchas español humano estilo."
    }
},
{
    "model": "recetas.user",
    "pk": 69,
    "fields": {
        "username": "filomenajara",
        "name": "Florina Falcó",
        "password": "&DH)B9ogG2",
        "date_joined": "2025-02-16",
        "bio": "Respecto va relaciones. Podía lucha perdido.\nDio camino cosas. Buen momentos superior carlos paso. Camino falta podría sentido.\nAunque poner parece mis negro formación juan."
    }
},
{
    "model": "recetas.user",
    "pk": 70,
    "fields": {
        "username": "adanfeijoo",
        "name": "Duilio Rius Arenas",
        "password": "#rb)0!Io)%",
        "date_joined": "2021-06-22",
        "bio": "Base tipos derecha. Tenemos dentro puerto parís. Mal tiempo grande primera análisis.\nDurante cuanto hacía puerta natural club muerte. Muchas condiciones barcelona. Resulta ese conseguir."
    }
},
{
    "model": "recetas.user",
    "pk": 71,
    "fields": {
        "username": "anunciacionvives",
        "name": "Lucho Cañete Olmedo",
        "password": "$4f#%Gg4Bs",
        "date_joined": "2020-10-03",
        "bio": "Sólo común contrario expresión. Ciencia carlos esas naturaleza estar nuestras ocho.\nSectores boca nos función ser cama. Constitución iglesia carlos llega."
    }
},
{
    "model": "recetas.user",
    "pk": 72,
    "fields": {
        "username": "zoraidamesa",
        "name": "Loreto Vázquez Delgado",
        "password": "!j11YmAv*3",
        "date_joined": "2025-05-19",
        "bio": "O elementos mismo ni carácter período a fondo. Familia falta edad camino unión. Quien i sigue perdido total dejó final.\nCosta modo ésta. Etapa sueño millones cámara."
    }
},
{
    "model": "recetas.user",
    "pk": 73,
    "fields": {
        "username": "jose-antoniomolins",
        "name": "Alonso de Garriga",
        "password": "*n5eRzal8j",
        "date_joined": "2020-07-29",
        "bio": "B capacidad debe me seis. Pocos información objetivo julio música capaz. Destino mayoría grandes estilo fueron."
    }
},
{
    "model": "recetas.user",
    "pk": 74,
    "fields": {
        "username": "juan-bautista13",
        "name": "Celestino Juanito Calvet Quevedo",
        "password": "_Pc!Wbmuo9",
        "date_joined": "2023-01-08",
        "bio": "Esto internacional aun espacio cosa película historia. Esto proceso acto hombres derecha. Manos puso aspectos ocasiones serie cuatro viaje."
    }
},
{
    "model": "recetas.user",
    "pk": 75,
    "fields": {
        "username": "olgagonzalez",
        "name": "Jordi Espada Barrena",
        "password": "Ob4DH87jW(",
        "date_joined": "2025-01-10",
        "bio": "Allí respuesta cinco yo serán mismos. Y iba consumo naturaleza prensa memoria trabajar. D casi maría aspecto pesetas."
    }
},
{
    "model": "recetas.user",
    "pk": 76,
    "fields": {
        "username": "allerconsuelo",
        "name": "Dafne Casas Marqués",
        "password": "x(OpB7Mk(S",
        "date_joined": "2024-04-07",
        "bio": "Viejo cambios segundo causa área junio mano. Ejército mal asunto formas tu él ninguna. Además grupos público período.\nPresente éxito momento armas problema dado."
    }
},
{
    "model": "recetas.user",
    "pk": 77,
    "fields": {
        "username": "leonor33",
        "name": "Lola del Alfonso",
        "password": "Wv3uFIh&(+",
        "date_joined": "2022-05-14",
        "bio": "Cara mi fuerzas. Les abril dio autoridades.\nPeor ellos aspectos nueva mil apoyo sino. Cuerpo noviembre oro partidos información elecciones hacia. Aparece riesgo diversos parecía su metros esto."
    }
},
{
    "model": "recetas.user",
    "pk": 78,
    "fields": {
        "username": "ruben40",
        "name": "Verónica del Ortiz",
        "password": "_!eorlElz7",
        "date_joined": "2023-08-03",
        "bio": "Fuentes mí cuanto condiciones problemas título bastante perdido.\nObra iglesia socialista tiempos encima tenido.\nIdea conocimiento miembros como."
    }
},
{
    "model": "recetas.user",
    "pk": 79,
    "fields": {
        "username": "taboadablanca",
        "name": "Lourdes Benet Rocha",
        "password": "x51PJdlq!6",
        "date_joined": "2024-10-29",
        "bio": "Base pacientes españoles proceso hacer. Voz ha propia cargo salud color.\nPrincipal familia junto paciente administración tendrá fueron nueva. Pablo paso nuestros dios quería menor."
    }
},
{
    "model": "recetas.user",
    "pk": 80,
    "fields": {
        "username": "marisol59",
        "name": "Salomé Porta Casals",
        "password": "jw(8^LksCi",
        "date_joined": "2022-01-22",
        "bio": "Distintas persona efectos. Otro base unión antonio largo niño alguna. Región cuarto entonces argentina r acerca puede.\nEstilo sol habla aire policía adelante embargo."
    }
},
{
    "model": "recetas.user",
    "pk": 81,
    "fields": {
        "username": "tsaenz",
        "name": "María Jesús del Pozo",
        "password": "Ax0PJgxaj)",
        "date_joined": "2023-08-19",
        "bio": "Tierra ese tenido miedo. Centro suficiente precios película.\nTrata modo autor. Dicho después baja técnica n fuerte.\nSeñora se ejército tres administración estructura doctor."
    }
},
{
    "model": "recetas.user",
    "pk": 82,
    "fields": {
        "username": "maximianoherrera",
        "name": "Judith María José Sobrino Salinas",
        "password": "!1lv9%Qqe8",
        "date_joined": "2020-09-12",
        "bio": "Manos minutos instituto ni que algunas. No trabajar puntos vida solución lejos."
    }
},
{
    "model": "recetas.user",
    "pk": 83,
    "fields": {
        "username": "aureliano19",
        "name": "Carolina Garcia",
        "password": "nJiI3VFk+G",
        "date_joined": "2020-07-06",
        "bio": "Ninguna seguridad quién tan cuando derechos precio.\nPrecios civil somos varias. Con ninguna tengo humana información aquí.\nHumanos educación fuerzas días humana este dice."
    }
},
{
    "model": "recetas.user",
    "pk": 84,
    "fields": {
        "username": "asdrubalpalomo",
        "name": "Nerea Izquierdo Pina",
        "password": "w!V)0GdIm9",
        "date_joined": "2023-12-24",
        "bio": "Ningún carrera dios mejores sin policía espacio. E parte función pudo gonzález diario.\nProblema tiempos etc intereses sistemas tú presencia. Tomar recuerdo puso comunicación."
    }
},
{
    "model": "recetas.user",
    "pk": 85,
    "fields": {
        "username": "alonso28",
        "name": "Armida Bernad Riquelme",
        "password": "@D7YhGsMQ5",
        "date_joined": "2020-04-03",
        "bio": "Día quizá caso verdad habría aún. Rafael zona g siguiente. Peso líder r administración momento europa entonces."
    }
},
{
    "model": "recetas.user",
    "pk": 86,
    "fields": {
        "username": "qadadia",
        "name": "Amarilis Leiva Carlos",
        "password": "TV3rEjiW1%",
        "date_joined": "2023-03-18",
        "bio": "Presencia cine base octubre humana luis. Siguiente algún será pequeña posibilidades. Peso tema calidad a asimismo silencio lo congreso."
    }
},
{
    "model": "recetas.user",
    "pk": 87,
    "fields": {
        "username": "lcarreras",
        "name": "Bautista Villaverde-Benavente",
        "password": ")2OEYat8+3",
        "date_joined": "2024-06-04",
        "bio": "Visita queda ello empresa origen han media. Llegar zonas hacer juan. Paciente sueño participación miedo superior ahora."
    }
},
{
    "model": "recetas.user",
    "pk": 88,
    "fields": {
        "username": "dalila94",
        "name": "Macario Carballo Canet",
        "password": "eU3VyItg$F",
        "date_joined": "2024-10-31",
        "bio": "Vista asociación argentina españoles. Pocos fecha seguro.\nTales plaza aquella alguna. Países tenían haya noche.\nBien empresa cambio las. Luis mil madre toma cuarto."
    }
},
{
    "model": "recetas.user",
    "pk": 89,
    "fields": {
        "username": "jose-luispalmer",
        "name": "Javier Giralt Arranz",
        "password": "C#m6Qjfo%O",
        "date_joined": "2022-11-03",
        "bio": "Pasado instituciones medios ahora. Construcción estudio internacional. Voluntad vino volver deseo metros fue apoyo."
    }
},
{
    "model": "recetas.user",
    "pk": 90,
    "fields": {
        "username": "adrian01",
        "name": "Jimena Ibarra Valls",
        "password": "&x@o7KpL5v",
        "date_joined": "2025-09-27",
        "bio": "Presente los ningún éste. Personal origen construcción desarrollo. Libre llegar momento sé peor obstante.\nSiete ante finalmente fuentes dan. Reforma esa control volvió. Menor un información capaz."
    }
},
{
    "model": "recetas.user",
    "pk": 91,
    "fields": {
        "username": "tono76",
        "name": "Nidia Olmedo Vaquero",
        "password": "1M5lsRwf%V",
        "date_joined": "2025-01-15",
        "bio": "Perdido manuel tierra nosotros. Crisis largo tienen alguien llegado.\nMi medidas peso punto mayores manuel toma. Tenemos radio siguiente causa comunidad difícil. Mujer su sobre somos algún."
    }
},
{
    "model": "recetas.user",
    "pk": 92,
    "fields": {
        "username": "folchmaxima",
        "name": "Ana Pérez",
        "password": "iZ6MhWXS(7",
        "date_joined": "2021-12-02",
        "bio": "Da veces fuera hay. Fútbol desde hoy mirada. Vez muy uso vida durante operación llegado.\nMédico director actividades fondo director todavía. Especie san amor ojos septiembre."
    }
},
{
    "model": "recetas.user",
    "pk": 93,
    "fields": {
        "username": "nayaralorenzo",
        "name": "Eufemia Cazorla Cuenca",
        "password": "$A2MxSq%&M",
        "date_joined": "2024-03-14",
        "bio": "Pasa debía r llegó. Revolución grupo valores aire político puso. Autor pueden parís posibilidad apoyo buen.\nFuerte amigo mundo diversos. Pública quienes apoyo."
    }
},
{
    "model": "recetas.user",
    "pk": 94,
    "fields": {
        "username": "armidacuevas",
        "name": "Pepe de Lastra",
        "password": "FnIS7!BFw^",
        "date_joined": "2023-10-11",
        "bio": "Explicó electoral mantener todo días fútbol políticos. Siglo después corte será octubre. Primera haciendo primeros."
    }
},
{
    "model": "recetas.user",
    "pk": 95,
    "fields": {
        "username": "mrossello",
        "name": "Albert Villaverde Valls",
        "password": "Y*vH6QfVeG",
        "date_joined": "2024-05-22",
        "bio": "Este violencia mantener cultural permite así. Guerra silencio tenía solo tomar posibilidades demás pablo. El cambio flores carrera tuvo horas necesario grande."
    }
},
{
    "model": "recetas.user",
    "pk": 96,
    "fields": {
        "username": "umacias",
        "name": "Josefina Arteaga Puig",
        "password": "%63G63ph^c",
        "date_joined": "2023-12-19",
        "bio": "Políticas hace no razón. Son habla democracia nos.\nHumana está grande. E hora ha aún tenido."
    }
},
{
    "model": "recetas.user",
    "pk": 97,
    "fields": {
        "username": "modesto87",
        "name": "Agapito Ramón Ropero",
        "password": "ftjOXH91+7",
        "date_joined": "2023-01-03",
        "bio": "Desarrollo apoyo g lejos. Pasar hoy después tal esfuerzo también centro comercio. Medida unas tenía habían."
    }
},
{
    "model": "recetas.user",
    "pk": 98,
    "fields": {
        "username": "ubosch",
        "name": "Pepito Germán Angulo Fabregat",
        "password": "KHPovtRl!6",
        "date_joined": "2025-01-29",
        "bio": "Carácter constitución han educación quien trabajar. Somos ejemplo e bien. Actividades carrera presencia aún película diferentes."
    }
},
{
    "model": "recetas.user",
    "pk": 99,
    "fields": {
        "username": "naciopacheco",
        "name": "Julián Marin Medina",
        "password": "&0I1K7^jQ^",
        "date_joined": "2022-09-27",
        "bio": "Jorge un período vía. Asunto mira ahora mayor fue autoridades.\nCrisis psoe media niños. Peso algo único aspectos. Mar modo partir también hay destino."
    }
},
{
    "model": "recetas.user",
    "pk": 100,
    "fields": {
        "username": "ponciocardona",
        "name": "Daniela Hervás Porta",
        "password": ")+XxzaAyH6",
        "date_joined": "2023-11-22",
        "bio": "B imagen se precisamente campaña asimismo podrá problemas. Debía volvió ningún comercio menos debido van.\nActo sectores dolor reforma clase américa torno. Unidos humanos posibilidades."
    }
},
{
    "model": "recetas.user",
    "pk": 101,
    "fields": {
        "username": "irene08",
        "name": "Amalia Valenzuela Alemán",
        "password": "*B1TR4Gg++",
        "date_joined": "2022-08-08",
        "bio": "Diciembre caso será nombre profesional seguridad energía. Cual siendo felipe calidad mayoría necesidad.\nFlores ha bastante trata."
    }
},
{
    "model": "recetas.user",
    "pk": 102,
    "fields": {
        "username": "tcabo",
        "name": "Marciano del Bellido",
        "password": "Cd+u9TKq3i",
        "date_joined": "2021-07-15",
        "bio": "Edad grande relación gran. Después ii nuevo. Cámara ciudad estudio público política podía u."
    }
},
{
    "model": "recetas.user",
    "pk": 103,
    "fields": {
        "username": "msantiago",
        "name": "Pancho Barbero",
        "password": "*W*KkFlcQ6",
        "date_joined": "2024-02-15",
        "bio": "Libertad ocasión administración sabe persona.\nPrueba población luego volvió hacía común pronto."
    }
},
{
    "model": "recetas.user",
    "pk": 104,
    "fields": {
        "username": "azaharaiglesia",
        "name": "Adalberto Arranz-Asensio",
        "password": "!dPv*4_r8O",
        "date_joined": "2025-01-20",
        "bio": "Adelante se manuel sector clase. Diez imagen dónde.\nProblemas acerca victoria plazo. Sector orden generales largo. Orden los pesetas plaza."
    }
},
{
    "model": "recetas.user",
    "pk": 105,
    "fields": {
        "username": "zaida09",
        "name": "Luz Céspedes Jiménez",
        "password": "tm9mX1tR!m",
        "date_joined": "2025-06-22",
        "bio": "Etapa hubiera realizar demasiado habla volver obras. Sabe p considera conciencia da. Quizá programas c pensar pues imágenes agua. Total dicho propio están soy vuelta."
    }
},
{
    "model": "recetas.user",
    "pk": 106,
    "fields": {
        "username": "znino",
        "name": "Amando del Aguiló",
        "password": "&702PtUn!B",
        "date_joined": "2022-05-14",
        "bio": "Asunto eso número superior aspecto cosas. Dolor contra bastante después contra mantener."
    }
},
{
    "model": "recetas.user",
    "pk": 107,
    "fields": {
        "username": "garzoncristian",
        "name": "Lucho Company",
        "password": "4kXTF!Hg_5",
        "date_joined": "2023-08-12",
        "bio": "Cual me hija. Fue interés aspectos b siempre lejos. Soy domingo hemos experiencia u dentro américa. Nada médico camino aquella."
    }
},
{
    "model": "recetas.user",
    "pk": 108,
    "fields": {
        "username": "juan-manuelreyes",
        "name": "Gonzalo Pla Murillo",
        "password": "#cr7!yW0S6",
        "date_joined": "2021-04-21",
        "bio": "Medios obra asociación nadie. Dos demás asunto mí sigue menos pensar.\nNueva siguiente juez. Oro cantidad nuevos."
    }
},
{
    "model": "recetas.user",
    "pk": 109,
    "fields": {
        "username": "pascualaperea",
        "name": "Rómulo Sabater",
        "password": "i%0YtRNrx8",
        "date_joined": "2022-09-23",
        "bio": "Seis tendrá aparece habían república conjunto acción. Fuentes boca lenguaje. Tratamiento de cambios será va felipe vio."
    }
},
{
    "model": "recetas.user",
    "pk": 110,
    "fields": {
        "username": "bluis",
        "name": "Tristán Grau",
        "password": "Q@6Q+Dju!B",
        "date_joined": "2024-08-04",
        "bio": "Hacer civil peor pudo minutos hacer conjunto. Corazón camino van mirada. Santa centro sala problemas anterior informe encuentran.\nA amor entre josé. Centros españoles especial felipe pese razón."
    }
},
{
    "model": "recetas.user",
    "pk": 111,
    "fields": {
        "username": "victor00",
        "name": "Erasmo Paredes Iglesias",
        "password": "A!L(2UPb0I",
        "date_joined": "2025-08-05",
        "bio": "Ex sectores hablar.\nSiendo productos momentos cuando cabeza espacio. Buen diversas uso dado violencia principales."
    }
},
{
    "model": "recetas.user",
    "pk": 112,
    "fields": {
        "username": "gseco",
        "name": "Florinda Prieto Barros",
        "password": "&#5zUGkJfn",
        "date_joined": "2021-03-28",
        "bio": "Nosotros varias tratamiento. Especialmente hasta iba razón menos supuesto. Creación menos eso deseo y."
    }
},
{
    "model": "recetas.user",
    "pk": 113,
    "fields": {
        "username": "geraldo91",
        "name": "Olimpia Aller Rosales",
        "password": "3@0FuIT5&^",
        "date_joined": "2023-02-11",
        "bio": "Mayo pasa prueba su. Hizo crisis tipo mi yo policía llamado."
    }
},
{
    "model": "recetas.user",
    "pk": 114,
    "fields": {
        "username": "remigiobaron",
        "name": "Tristán Estévez Llamas",
        "password": ")eI_e01op5",
        "date_joined": "2023-03-24",
        "bio": "Real población movimiento dólares última aún cosas causa. Gente quedó varias dice muerte algunas. Hablar jefe era don base personas. Ministerio dicho sur quiere palabras.\nSerán además francia."
    }
},
{
    "model": "recetas.user",
    "pk": 115,
    "fields": {
        "username": "solanosaturnina",
        "name": "Alex Blasco Prada",
        "password": ")8GhU4lNaU",
        "date_joined": "2025-05-12",
        "bio": "Estructura respuesta contra casa. Riesgo conseguir sueño iba opinión muchas.\nPor etapa haciendo ser. Seis enfermedad nuevos cual casa dios director. Libre él existe unidad dicho ningún entrar."
    }
},
{
    "model": "recetas.user",
    "pk": 116,
    "fields": {
        "username": "natanael04",
        "name": "Catalina Navarrete Puerta",
        "password": "a2YRi8R(_r",
        "date_joined": "2024-05-25",
        "bio": "Última datos elecciones. Carrera cuarto obra ambos. Ha sin datos guerra alguna.\nLos cuales acerca imagen gran joven. Oro más varios agua días."
    }
},
{
    "model": "recetas.user",
    "pk": 117,
    "fields": {
        "username": "barrigacecilio",
        "name": "Lupe Carrera Fuertes",
        "password": "^WH6OqadoH",
        "date_joined": "2024-02-24",
        "bio": "Riesgo salud entonces quienes juan. Pasa evitar apenas educación hombres en. Debido problema él calidad vez martín seis.\nDestino dinero demás suficiente. La ciudad siete ésta grandes entre."
    }
},
{
    "model": "recetas.user",
    "pk": 118,
    "fields": {
        "username": "hoyosjulia",
        "name": "Carlota Frías Cazorla",
        "password": "L9hUBTps@5",
        "date_joined": "2022-04-06",
        "bio": "Problema aspectos solución internacional. Lugar militar del.\nInterés grupos acciones mitad. Deben ideas bajo."
    }
},
{
    "model": "recetas.user",
    "pk": 119,
    "fields": {
        "username": "natalia42",
        "name": "Mercedes Quirós-Barceló",
        "password": "Nn+3XPUchi",
        "date_joined": "2025-01-27",
        "bio": "Razón debe cuarto hicieron ahí salud. Fútbol sol relación quizá todos. Todo será propuesta violencia. Argentina libros valores material."
    }
},
{
    "model": "recetas.user",
    "pk": 120,
    "fields": {
        "username": "angelica50",
        "name": "Palmira Briones",
        "password": "w0+xHfh7_S",
        "date_joined": "2021-11-17",
        "bio": "Haya baja asociación nuestros silencio etc soy. Primeras sido hace razones familia centro."
    }
},
{
    "model": "recetas.userprofile",
    "pk": 1,
    "fields": {
        "user": 10,
        "avatar": "",
        "phone": "+34986 78 81 70",
        "address": "Vial Virginia Marqués 528\nGirona, 07741"
    }
},
{
    "model": "recetas.userprofile",
    "pk": 2,
    "fields": {
        "user": 20,
        "avatar": "",
        "phone": "+34832890921",
        "address": "Avenida de Maite Garcés 580\nÁlava, 23309"
    }
},
{
    "model": "recetas.userprofile",
    "pk": 3,
    "fields": {
        "user": 40,
        "avatar": "",
        "phone": "+34 934 521 266",
        "address": "Camino de Trini Folch 6\nZaragoza, 07488"
    }
},
{
    "model": "recetas.userprofile",
    "pk": 4,
    "fields": {
        "user": 50,
        "avatar": "",
        "phone": "+34941 579 672",
        "address": "Cañada de Cristóbal Alberola 630\nGranada, 22467"
    }
},
{
    "model": "recetas.userprofile",
    "pk": 5,
    "fields": {
        "user": 60,
        "avatar": "",
        "phone": "+34851588348",
        "address": "Cuesta Andrea Segarra 10 Puerta 8 \nAlmería, 27482"
    }
},
{
    "model": "recetas.userprofile",
    "pk": 6,
    "fields": {
        "user": 70,
        "avatar": "",
        "phone": "+34971 909 038",
        "address": "Glorieta de Raquel Arce 11 Puerta 5 \nVizcaya, 40856"
    }
},
{
    "model": "recetas.userprofile",
    "pk": 7,
    "fields": {
        "user": 80,
        "avatar": "",
        "phone": "+34806 357 325",
        "address": "Urbanización Edelmira Fuster 90\nHuelva, 34060"
    }
},
{
    "model": "recetas.userprofile",
    "pk": 8,
    "fields": {
        "user": 90,
        "avatar": "",
        "phone": "+34 843 562 224",
        "address": "Camino de Odalys Paniagua 1 Piso 9 \nLa Rioja, 01126"
    }
},
{
    "model": "recetas.userprofile",
    "pk": 9,
    "fields": {
        "user": 100,
        "avatar": "",
        "phone": "+34844 83 00 94",
        "address": "Ronda de Juan Salamanca 2 Apt. 06 \nMálaga, 31097"
    }
},
{
    "model": "recetas.userprofile",
    "pk": 10,
    "fields": {
        "user": 110,
        "avatar": "",
        "phone": "+34976 733 614",
        "address": "Callejón Lourdes Pelayo 19\nCantabria, 19725"
    }
},
{
    "model": "recetas.userprofile",
    "pk": 11,
    "fields": {
        "user": 120,
        "avatar": "",
        "phone": "+34944 318 942",
        "address": "C. de Jenny Cuadrado 7\nJaén, 01935"
    }
},
{
    "model": "recetas.usersettings",
    "pk": 1,
    "fields": {
        "user": 50,
        "theme": "dark",
        "notifications_enabled": false
    }
},
{
    "model": "recetas.usersettings",
    "pk": 2,
    "fields": {
        "user": 60,
        "theme": "dark",
        "notifications_enabled": false
    }
},
{
    "model": "recetas.usersettings",
    "pk": 3,
    "fields": {
        "user": 70,
        "theme": "light",
        "notifications_enabled": false
    }
},
{
    "model": "recetas.usersettings",
    "pk": 4,
    "fields": {
        "user": 80,
        "theme": "light",
        "notifications_enabled": true
    }
},
{
    "model": "recetas.usersettings",
    "pk": 5,
    "fields": {
        "user": 90,
        "theme": "dark",
        "notifications_enabled": true
    }
},
{
    "model": "recetas.usersettings",
    "pk": 6,
    "fields": {
        "user": 100,
        "theme": "light",
        "notifications_enabled": false
    }
},
{
    "model": "recetas.usersettings",
    "pk": 7,
    "fields": {
        "user": 110,
        "theme": "dark",
        "notifications_enabled": false
    }
},
{
    "model": "recetas.usersettings",
    "pk": 8,
    "fields": {
        "user": 120,
        "theme": "light",
        "notifications_enabled": false
    }
},
{
    "model": "recetas.userstats",
    "pk": 1,
    "fields": {
        "user": 50,
        "total_recipes": 22,
        "total_comments": 32,
        "reputation": 2.37
    }
},
{
    "model": "recetas.userstats",
    "pk": 2,
    "fields": {
        "user": 60,
        "total_recipes": 4,
        "total_comments": 50,
        "reputation": 2.47
    }
},
{
    "model": "recetas.userstats",
    "pk": 3,
    "fields": {
        "user": 70,
        "total_recipes": 30,
        "total_comments": 66,
        "reputation": 2.2
    }
},
{
    "model": "recetas.userstats",
    "pk": 4,
    "fields": {
        "user": 80,
        "total_recipes": 34,
        "total_comments": 17,
        "reputation": 2.59
    }
},
{
    "model": "recetas.userstats",
    "pk": 5,
    "fields": {
        "user": 90,
        "total_recipes": 6,
        "total_comments": 34,
        "reputation": 2.38
    }
},
{
    "model": "recetas.userstats",
    "pk": 6,
    "fields": {
        "user": 100,
        "total_recipes": 44,
        "total_comments": 83,
        "reputation": 3.26
    }
},
{
    "model": "recetas.userstats",
    "pk": 7,
    "fields": {
        "user": 110,
        "total_recipes": 13,
        "total_comments": 56,
        "reputation": 4.3
    }
},
{
    "model": "recetas.userstats",
    "pk": 8,
    "fields": {
        "user": 120,
        "total_recipes": 47,
        "total_comments": 92,
        "reputation": 2.37
    }
},
{
    "model": "recetas.ingredient",
    "pk": 1,
    "fields": {
        "name": "Menor",
        "calories": 263,
        "gluten_free": false,
        "is_vegan": true,
        "image": ""
    }
},
{
    "model": "recetas.ingredient",
    "pk": 2,
    "fields": {
        "name": "Pablo",
        "calories": 143,
        "gluten_free": false,
        "is_vegan": false,
        "image": ""
    }
},
{
    "model": "recetas.ingredient",
    "pk": 3,
    "fields": {
        "name": "Ocasiones",
        "calories": 359,
        "gluten_free": false,
        "is_vegan": true,
        "image": ""
    }
},
{
    "model": "recetas.ingredient",
    "pk": 4,
    "fields": {
        "name": "Encuentra",
        "calories": 470,
        "gluten_free": false,
        "is_vegan": true,
        "image": ""
    }
},
{
    "model": "recetas.ingredient",
    "pk": 5,
    "fields": {
        "name": "Profesional",
        "calories": 245,
        "gluten_free": false,
        "is_vegan": false,
        "image": ""
    }
},
{
    "model": "recetas.ingredient",
    "pk": 6,
    "fields": {
        "name": "Podemos",
        "calories": 418,
        "gluten_free": false,
        "is_vegan": true,
        "image": ""
    }
},
{
    "model": "recetas.ingredient",
    "pk": 7,
    "fields": {
        "name": "Actual",
        "calories": 233,
        "gluten_free": true,
        "is_vegan": true,
        "image": ""
    }
},
{
    "model": "recetas.ingredient",
    "pk": 8,
    "fields": {
        "name": "Participación",
        "calories": 492,
        "gluten_free": true,
        "is_vegan": false,
        "image": ""
    }
},
{
    "model": "recetas.ingredient",
    "pk": 9,
    "fields": {
        "name": "Momento",
        "calories": 257,
        "gluten_free": false,
        "is_vegan": true,
        "image": ""
    }
},
{
    "model": "recetas.ingredient",
    "pk": 10,
    "fields": {
        "name": "Estos",
        "calories": 357,
        "gluten_free": true,
        "is_vegan": false,
        "image": ""
    }
},
{
    "model": "recetas.recipe",
    "pk": 1,
    "fields": {
        "title": "Finalmente decía tras.",
        "description": "Somos bien argentina fernando estados fuerzas tenían investigación. Estilo parte luz fue tampoco ocho.",
        "author": 14,
        "created": "2025-10-21T10:33:27.947",
        "category": [],
        "utensils": [],
        "tags": []
    }
},
{
    "model": "recetas.recipe",
    "pk": 2,
    "fields": {
        "title": "Ella posición.",
        "description": "Ahora campo efecto cantidad. Español antonio defensa cuales. Efecto líder decir actual.",
        "author": 58,
        "created": "2025-10-21T10:38:26.050",
        "category": [],
        "utensils": [],
        "tags": []
    }
},
{
    "model": "recetas.recipe",
    "pk": 3,
    "fields": {
        "title": "Siendo haya cuatro.",
        "description": "Fue dice ii proceso local estructura hospital grandes. Algún septiembre cuanto silencio propio iba puso varios. Acción voz resultados respuesta.",
        "author": 39,
        "created": "2025-10-21T10:38:35.805",
        "category": [],
        "utensils": [],
        "tags": []
    }
},
{
    "model": "recetas.recipe",
    "pk": 4,
    "fields": {
        "title": "Según particular punto.",
        "description": "Empresas pública alta considera producto obras. Está pasa tres.",
        "author": 63,
        "created": "2025-10-21T10:38:43.250",
        "category": [],
        "utensils": [],
        "tags": []
    }
},
{
    "model": "recetas.recipe",
    "pk": 5,
    "fields": {
        "title": "Puede cara tú como.",
        "description": "Armas ellos contra quien. Había encuentro diversas también cerca. Algún libro favor personas.",
        "author": 65,
        "created": "2025-10-21T10:41:19.983",
        "category": [],
        "utensils": [],
        "tags": []
    }
},
{
    "model": "recetas.recipe",
    "pk": 6,
    "fields": {
        "title": "Diversas santa seguro.",
        "description": "Tuvo lucha torno sistema. Fuego proceso busca m. He acción buscar va empresa podía.",
        "author": 74,
        "created": "2025-10-21T10:42:56.602",
        "category": [],
        "utensils": [],
        "tags": []
    }
},
{
    "model": "recetas.recipe",
    "pk": 7,
    "fields": {
        "title": "Comisión justicia.",
        "description": "Empresa días prensa muchas martín costa. Distintos larga precio pequeña.",
        "author": 55,
        "created": "2025-10-21T10:43:47.799",
        "category": [],
        "utensils": [],
        "tags": []
    }
},
{
    "model": "recetas.recipe",
    "pk": 8,
    "fields": {
        "title": "Mí hacia josé.",
        "description": "Energía carne manos. Que mercado propuesta ve. Otros programa este méxico origen ese que.",
        "author": 77,
        "created": "2025-10-21T10:45:14.748",
        "category": [],
        "utensils": [],
        "tags": []
    }
},
{
    "model": "recetas.recipe",
    "pk": 9,
    "fields": {
        "title": "Flores está.",
        "description": "Durante tarde estilo aunque única. Tribunal dejar mercado mes semanas origen vio pregunta.",
        "author": 104,
        "created": "2025-10-21T10:45:14.753",
        "category": [],
        "utensils": [],
        "tags": []
    }
},
{
    "model": "recetas.recipe",
    "pk": 10,
    "fields": {
        "title": "Si ésta.",
        "description": "Hora hija santiago medio. Habrá madre fuerza cosas abril central investigación. Arriba características sean fuerza llamado productos claro.",
        "author": 69,
        "created": "2025-10-21T10:45:14.759",
        "category": [],
        "utensils": [],
        "tags": []
    }
},
{
    "model": "recetas.recipe",
    "pk": 11,
    "fields": {
        "title": "Considera casi.",
        "description": "Estaban cambios desarrollo existen muy política. Vamos nueva estas participación.",
        "author": 24,
        "created": "2025-10-21T10:45:14.764",
        "category": [],
        "utensils": [],
        "tags": []
    }
},
{
    "model": "recetas.recipe",
    "pk": 12,
    "fields": {
        "title": "Rey con mar.",
        "description": "Esfuerzo una p pasado. General junto apoyo los. Quien allí actitud volver.",
        "author": 64,
        "created": "2025-10-21T10:45:14.770",
        "category": [],
        "utensils": [],
        "tags": []
    }
},
{
    "model": "recetas.recipe",
    "pk": 13,
    "fields": {
        "title": "Plazo origen cada.",
        "description": "Día debido club. Jóvenes bastante nada material buscar práctica internacional al.",
        "author": 51,
        "created": "2025-10-21T10:45:14.775",
        "category": [],
        "utensils": [],
        "tags": []
    }
},
{
    "model": "recetas.recipe",
    "pk": 14,
    "fields": {
        "title": "Soy mes saber.",
        "description": "Abril decía tipo. Las día pueblo paz económico concepto. Ciudad llegado estudio popular ante.",
        "author": 119,
        "created": "2025-10-21T10:45:14.780",
        "category": [],
        "utensils": [],
        "tags": []
    }
},
{
    "model": "recetas.recipe",
    "pk": 15,
    "fields": {
        "title": "Hecho última.",
        "description": "Propio pronto primeras tomar médico posibilidades toda pasa. Deseo algunas aquí.",
        "author": 25,
        "created": "2025-10-21T10:45:14.785",
        "category": [],
        "utensils": [],
        "tags": []
    }
},
{
    "model": "recetas.recipe",
    "pk": 16,
    "fields": {
        "title": "Arte.",
        "description": "Existe encontrar sala cuanto diez etapa aumento. Precio veces violencia fecha minutos razones.",
        "author": 81,
        "created": "2025-10-21T10:45:14.791",
        "category": [],
        "utensils": [],
        "tags": []
    }
},
{
    "model": "recetas.recipe",
    "pk": 17,
    "fields": {
        "title": "Libro ahora.",
        "description": "Aun además minutos encima autoridades ministerio acto. Sean esas manuel cuerpo cuenta. Mayores mar espera principales hombres señaló médico.",
        "author": 29,
        "created": "2025-10-21T10:45:14.796",
        "category": [],
        "utensils": [],
        "tags": []
    }
},
{
    "model": "recetas.recipeingredient",
    "pk": 1,
    "fields": {
        "recipe": 2,
        "ingredient": 3,
        "quantity": 0.65,
        "unit": "kg"
    }
},
{
    "model": "recetas.recipeingredient",
    "pk": 2,
    "fields": {
        "recipe": 8,
        "ingredient": 8,
        "quantity": 2.13,
        "unit": "g"
    }
},
{
    "model": "recetas.recipeingredient",
    "pk": 3,
    "fields": {
        "recipe": 15,
        "ingredient": 3,
        "quantity": 2.73,
        "unit": "ml"
    }
},
{
    "model": "recetas.recipeingredient",
    "pk": 4,
    "fields": {
        "recipe": 2,
        "ingredient": 1,
        "quantity": 0.88,
        "unit": "kg"
    }
},
{
    "model": "recetas.recipeingredient",
    "pk": 5,
    "fields": {
        "recipe": 2,
        "ingredient": 5,
        "quantity": 1.31,
        "unit": "ml"
    }
},
{
    "model": "recetas.recipeingredient",
    "pk": 6,
    "fields": {
        "recipe": 15,
        "ingredient": 2,
        "quantity": 2.82,
        "unit": "ml"
    }
},
{
    "model": "recetas.recipeingredient",
    "pk": 7,
    "fields": {
        "recipe": 7,
        "ingredient": 5,
        "quantity": 0.62,
        "unit": "ml"
    }
},
{
    "model": "recetas.recipeingredient",
    "pk": 8,
    "fields": {
        "recipe": 10,
        "ingredient": 9,
        "quantity": 2.22,
        "unit": "ml"
    }
},
{
    "model": "recetas.recipeingredient",
    "pk": 9,
    "fields": {
        "recipe": 15,
        "ingredient": 9,
        "quantity": 2.44,
        "unit": "ml"
    }
},
{
    "model": "recetas.recipeingredient",
    "pk": 10,
    "fields": {
        "recipe": 9,
        "ingredient": 6,
        "quantity": 1.28,
        "unit": "g"
    }
},
{
    "model": "recetas.recipeingredient",
    "pk": 11,
    "fields": {
        "recipe": 14,
        "ingredient": 7,
        "quantity": 2.03,
        "unit": "g"
    }
},
{
    "model": "recetas.recipeingredient",
    "pk": 12,
    "fields": {
        "recipe": 13,
        "ingredient": 7,
        "quantity": 1.02,
        "unit": "kg"
    }
},
{
    "model": "recetas.recipeingredient",
    "pk": 13,
    "fields": {
        "recipe": 17,
        "ingredient": 10,
        "quantity": 1.02,
        "unit": "kg"
    }
},
{
    "model": "recetas.recipeingredient",
    "pk": 14,
    "fields": {
        "recipe": 2,
        "ingredient": 5,
        "quantity": 1.14,
        "unit": "g"
    }
},
{
    "model": "recetas.recipeingredient",
    "pk": 15,
    "fields": {
        "recipe": 13,
        "ingredient": 2,
        "quantity": 1.79,
        "unit": "ml"
    }
},
{
    "model": "recetas.recipeingredient",
    "pk": 16,
    "fields": {
        "recipe": 15,
        "ingredient": 4,
        "quantity": 2.21,
        "unit": "taza"
    }
},
{
    "model": "recetas.recipeingredient",
    "pk": 17,
    "fields": {
        "recipe": 4,
        "ingredient": 8,
        "quantity": 2.19,
        "unit": "kg"
    }
},
{
    "model": "recetas.recipeingredient",
    "pk": 18,
    "fields": {
        "recipe": 10,
        "ingredient": 3,
        "quantity": 0.87,
        "unit": "ml"
    }
},
{
    "model": "recetas.recipeingredient",
    "pk": 19,
    "fields": {
        "recipe": 16,
        "ingredient": 3,
        "quantity": 0.54,
        "unit": "kg"
    }
},
{
    "model": "recetas.recipeingredient",
    "pk": 20,
    "fields": {
        "recipe": 11,
        "ingredient": 10,
        "quantity": 0.55,
        "unit": "taza"
    }
},
{
    "model": "recetas.utensil",
    "pk": 1,
    "fields": {
        "name": "Grupos",
        "material": "acero inoxidable",
        "dishwasher_safe": true
    }
},
{
    "model": "recetas.utensil",
    "pk": 2,
    "fields": {
        "name": "Organización",
        "material": "acero inoxidable",
        "dishwasher_safe": false
    }
},
{
    "model": "recetas.utensil",
    "pk": 3,
    "fields": {
        "name": "Momento",
        "material": "madera",
        "dishwasher_safe": false
    }
},
{
    "model": "recetas.utensil",
    "pk": 4,
    "fields": {
        "name": "Mano",
        "material": "acero inoxidable",
        "dishwasher_safe": false
    }
},
{
    "model": "recetas.utensil",
    "pk": 5,
    "fields": {
        "name": "Siguiente",
        "material": "silicona",
        "dishwasher_safe": true
    }
},
{
    "model": "recetas.utensil",
    "pk": 6,
    "fields": {
        "name": "Vino",
        "material": "silicona",
        "dishwasher_safe": false
    }
},
{
    "model": "recetas.utensil",
    "pk": 7,
    "fields": {
        "name": "Cultura",
        "material": "plástico",
        "dishwasher_safe": true
    }
},
{
    "model": "recetas.utensil",
    "pk": 8,
    "fields": {
        "name": "Quizá",
        "material": "acero inoxidable",
        "dishwasher_safe": false
    }
},
{
    "model": "recetas.utensil",
    "pk": 9,
    "fields": {
        "name": "Seis",
        "material": "plástico",
        "dishwasher_safe": false
    }
},
{
    "model": "recetas.utensil",
    "pk": 10,
    "fields": {
        "name": "Cantidad",
        "material": "acero inoxidable",
        "dishwasher_safe": true
    }
},
{
    "model": "recetas.step",
    "pk": 1,
    "fields": {
        "recipe": 1,
        "order": 1,
        "instruction": "Reunión río centro marcha llamado principales derecha ahora decía amigos dólares conjunto.",
        "estimated_time": 10
    }
},
{
    "model": "recetas.step",
    "pk": 2,
    "fields": {
        "recipe": 1,
        "order": 2,
        "instruction": "Muchas buscar lado mal sangre importante hasta pasa formas vio efectos.",
        "estimated_time": 10
    }
},
{
    "model": "recetas.step",
    "pk": 3,
    "fields": {
        "recipe": 1,
        "order": 3,
        "instruction": "Médico tal buena embargo domingo habla suerte.",
        "estimated_time": 1
    }
},
{
    "model": "recetas.step",
    "pk": 4,
    "fields": {
        "recipe": 2,
        "order": 1,
        "instruction": "Buscar distintas trabajo sea primero hizo apenas director antonio mejores.",
        "estimated_time": 8
    }
},
{
    "model": "recetas.step",
    "pk": 5,
    "fields": {
        "recipe": 2,
        "order": 2,
        "instruction": "Civil jefe república van libre superior material militares.",
        "estimated_time": 8
    }
},
{
    "model": "recetas.step",
    "pk": 6,
    "fields": {
        "recipe": 3,
        "order": 1,
        "instruction": "Allí los pequeña imagen nos cambios asimismo real políticas información estamos región única.",
        "estimated_time": 6
    }
},
{
    "model": "recetas.step",
    "pk": 7,
    "fields": {
        "recipe": 3,
        "order": 2,
        "instruction": "Paso obstante club ello señaló vuelve.",
        "estimated_time": 4
    }
},
{
    "model": "recetas.step",
    "pk": 8,
    "fields": {
        "recipe": 4,
        "order": 1,
        "instruction": "Buenos ocho no valor cuestión radio soy comunicación carta siquiera población estructura.",
        "estimated_time": 1
    }
},
{
    "model": "recetas.step",
    "pk": 9,
    "fields": {
        "recipe": 4,
        "order": 2,
        "instruction": "Tomar dejó presencia podemos casos señaló relaciones.",
        "estimated_time": 4
    }
},
{
    "model": "recetas.step",
    "pk": 10,
    "fields": {
        "recipe": 4,
        "order": 3,
        "instruction": "Este parte campaña mañana vio largo cierto sabe idea parecía llegó.",
        "estimated_time": 4
    }
},
{
    "model": "recetas.step",
    "pk": 11,
    "fields": {
        "recipe": 5,
        "order": 1,
        "instruction": "Finalmente quedó esfuerzo entrar actual sabía casi consejo ex debido.",
        "estimated_time": 7
    }
},
{
    "model": "recetas.step",
    "pk": 12,
    "fields": {
        "recipe": 5,
        "order": 2,
        "instruction": "Mucho mismos temas esa guerra más mi local mayores final hasta prueba muy.",
        "estimated_time": 2
    }
},
{
    "model": "recetas.step",
    "pk": 13,
    "fields": {
        "recipe": 5,
        "order": 3,
        "instruction": "Población usted elementos cuando nacional hizo pesar ex.",
        "estimated_time": 4
    }
},
{
    "model": "recetas.step",
    "pk": 14,
    "fields": {
        "recipe": 6,
        "order": 1,
        "instruction": "Cabo algunas haber constitución habían empresa cuadro.",
        "estimated_time": 6
    }
},
{
    "model": "recetas.step",
    "pk": 15,
    "fields": {
        "recipe": 6,
        "order": 2,
        "instruction": "Algunos octubre diez mucho curso precio sentido buscar donde llegado pasa.",
        "estimated_time": 3
    }
},
{
    "model": "recetas.step",
    "pk": 16,
    "fields": {
        "recipe": 6,
        "order": 3,
        "instruction": "Niño garcía aspectos sigue y larga color unidos mañana más tarde tuvo.",
        "estimated_time": 9
    }
},
{
    "model": "recetas.step",
    "pk": 17,
    "fields": {
        "recipe": 7,
        "order": 1,
        "instruction": "Hombre ellos perdido costa será seguridad.",
        "estimated_time": 4
    }
},
{
    "model": "recetas.step",
    "pk": 18,
    "fields": {
        "recipe": 7,
        "order": 2,
        "instruction": "Niño minutos figura parecía libros común dan nosotros democracia casa justicia objeto eran.",
        "estimated_time": 2
    }
},
{
    "model": "recetas.step",
    "pk": 19,
    "fields": {
        "recipe": 7,
        "order": 3,
        "instruction": "Temas españoles comisión deben unidad que sentido profesional parece parece presencia unos.",
        "estimated_time": 3
    }
},
{
    "model": "recetas.step",
    "pk": 20,
    "fields": {
        "recipe": 7,
        "order": 4,
        "instruction": "Social libro administración primero lucha pacientes real características recursos.",
        "estimated_time": 4
    }
},
{
    "model": "recetas.step",
    "pk": 21,
    "fields": {
        "recipe": 8,
        "order": 1,
        "instruction": "Hacia siquiera ya estas fuerzas aquí período hacerlo demasiado iba quiere día música.",
        "estimated_time": 9
    }
},
{
    "model": "recetas.step",
    "pk": 22,
    "fields": {
        "recipe": 8,
        "order": 2,
        "instruction": "Generales llamado rosa dicen aumento formación hija pp fuera oficial intereses fuerte.",
        "estimated_time": 1
    }
},
{
    "model": "recetas.step",
    "pk": 23,
    "fields": {
        "recipe": 8,
        "order": 3,
        "instruction": "Centro modelo mismos acuerdo humano diario control sueño.",
        "estimated_time": 7
    }
},
{
    "model": "recetas.step",
    "pk": 24,
    "fields": {
        "recipe": 9,
        "order": 1,
        "instruction": "Debido familia madre sólo hicieron guerra la ella mucha origen.",
        "estimated_time": 9
    }
},
{
    "model": "recetas.step",
    "pk": 25,
    "fields": {
        "recipe": 9,
        "order": 2,
        "instruction": "Existencia partidos espera demasiado miedo carácter condiciones mujer construcción tuvo j.",
        "estimated_time": 5
    }
},
{
    "model": "recetas.step",
    "pk": 26,
    "fields": {
        "recipe": 9,
        "order": 3,
        "instruction": "Propio obra algunos mejor sería siguientes d decisión mi aún permite.",
        "estimated_time": 3
    }
},
{
    "model": "recetas.step",
    "pk": 27,
    "fields": {
        "recipe": 9,
        "order": 4,
        "instruction": "Tenía b características quedó mundial siguientes.",
        "estimated_time": 10
    }
},
{
    "model": "recetas.step",
    "pk": 28,
    "fields": {
        "recipe": 9,
        "order": 5,
        "instruction": "Teoría boca valor dicen m obra lado viejo.",
        "estimated_time": 2
    }
},
{
    "model": "recetas.step",
    "pk": 29,
    "fields": {
        "recipe": 10,
        "order": 1,
        "instruction": "Especial resultados puede obra lenguaje seguir encima.",
        "estimated_time": 2
    }
},
{
    "model": "recetas.step",
    "pk": 30,
    "fields": {
        "recipe": 10,
        "order": 2,
        "instruction": "Haya posible lópez mayor fondo nosotros cual uno pasa música.",
        "estimated_time": 2
    }
},
{
    "model": "recetas.step",
    "pk": 31,
    "fields": {
        "recipe": 10,
        "order": 3,
        "instruction": "Demasiado tierra vida trabajar paso características dólares práctica volvió director estas podría juez.",
        "estimated_time": 2
    }
},
{
    "model": "recetas.step",
    "pk": 32,
    "fields": {
        "recipe": 10,
        "order": 4,
        "instruction": "Pueblo zona enfermedad estaban personas poco dos esas recursos muy oposición.",
        "estimated_time": 10
    }
},
{
    "model": "recetas.step",
    "pk": 33,
    "fields": {
        "recipe": 10,
        "order": 5,
        "instruction": "Sangre técnica metros siete sé haya ese serán ciudad media nosotros.",
        "estimated_time": 4
    }
},
{
    "model": "recetas.step",
    "pk": 34,
    "fields": {
        "recipe": 11,
        "order": 1,
        "instruction": "Debido cama persona resultados uso dólares solo.",
        "estimated_time": 5
    }
},
{
    "model": "recetas.step",
    "pk": 35,
    "fields": {
        "recipe": 11,
        "order": 2,
        "instruction": "Práctica ayer conocimiento seis mayor llevar voz pueden actividad ideas lenguaje.",
        "estimated_time": 6
    }
},
{
    "model": "recetas.step",
    "pk": 36,
    "fields": {
        "recipe": 11,
        "order": 3,
        "instruction": "Ir fueron desarrollo cara deja fuerza orden.",
        "estimated_time": 3
    }
},
{
    "model": "recetas.step",
    "pk": 37,
    "fields": {
        "recipe": 11,
        "order": 4,
        "instruction": "Días premio quiero niños hospital pues vamos diferentes.",
        "estimated_time": 8
    }
},
{
    "model": "recetas.step",
    "pk": 38,
    "fields": {
        "recipe": 11,
        "order": 5,
        "instruction": "D hizo natural haber sí dirección ella fuego fuerzas grandes mirada acerca rafael.",
        "estimated_time": 1
    }
},
{
    "model": "recetas.step",
    "pk": 39,
    "fields": {
        "recipe": 12,
        "order": 1,
        "instruction": "Dicen personal cuya finalmente paciente plaza u quien oficial solución josé principales.",
        "estimated_time": 10
    }
},
{
    "model": "recetas.step",
    "pk": 40,
    "fields": {
        "recipe": 12,
        "order": 2,
        "instruction": "Función técnica hijo análisis hemos solo situación origen mujer conocer.",
        "estimated_time": 8
    }
},
{
    "model": "recetas.step",
    "pk": 41,
    "fields": {
        "recipe": 13,
        "order": 1,
        "instruction": "Producción sin su curso todo estos medida carne.",
        "estimated_time": 10
    }
},
{
    "model": "recetas.step",
    "pk": 42,
    "fields": {
        "recipe": 13,
        "order": 2,
        "instruction": "Este todo diario palabras datos ese productos rafael posible época meses.",
        "estimated_time": 7
    }
},
{
    "model": "recetas.step",
    "pk": 43,
    "fields": {
        "recipe": 14,
        "order": 1,
        "instruction": "Estaba términos estuvo jorge usted entonces historia tema.",
        "estimated_time": 3
    }
},
{
    "model": "recetas.step",
    "pk": 44,
    "fields": {
        "recipe": 14,
        "order": 2,
        "instruction": "Reunión primero norte nosotros puesto m d pasó etapa.",
        "estimated_time": 8
    }
},
{
    "model": "recetas.step",
    "pk": 45,
    "fields": {
        "recipe": 15,
        "order": 1,
        "instruction": "Libro dio manera precio vida libro domingo que aspectos dólares.",
        "estimated_time": 4
    }
},
{
    "model": "recetas.step",
    "pk": 46,
    "fields": {
        "recipe": 15,
        "order": 2,
        "instruction": "Resultado ver nacional precio con mantener.",
        "estimated_time": 1
    }
},
{
    "model": "recetas.step",
    "pk": 47,
    "fields": {
        "recipe": 15,
        "order": 3,
        "instruction": "José toma viaje fondo obra hija juan encima dejar modelo.",
        "estimated_time": 3
    }
},
{
    "model": "recetas.step",
    "pk": 48,
    "fields": {
        "recipe": 15,
        "order": 4,
        "instruction": "Queda quienes tiempo puesto figura será aquellas.",
        "estimated_time": 8
    }
},
{
    "model": "recetas.step",
    "pk": 49,
    "fields": {
        "recipe": 15,
        "order": 5,
        "instruction": "Siguientes quería aumento universidad rey mucho nivel zonas mujer g participación conciencia ir.",
        "estimated_time": 1
    }
},
{
    "model": "recetas.step",
    "pk": 50,
    "fields": {
        "recipe": 16,
        "order": 1,
        "instruction": "Demasiado número es sectores primeros alta siglo.",
        "estimated_time": 4
    }
},
{
    "model": "recetas.step",
    "pk": 51,
    "fields": {
        "recipe": 16,
        "order": 2,
        "instruction": "También guerra rafael niño parte sueño distintas proyecto interés niveles zonas.",
        "estimated_time": 8
    }
},
{
    "model": "recetas.step",
    "pk": 52,
    "fields": {
        "recipe": 17,
        "order": 1,
        "instruction": "Expresión suelo barcelona deja período hospital ahora las hombres punto tales líder estaban.",
        "estimated_time": 10
    }
},
{
    "model": "recetas.step",
    "pk": 53,
    "fields": {
        "recipe": 17,
        "order": 2,
        "instruction": "Y enfermedad norte pueda y tu niño personal serie líder niveles afirmó mercado.",
        "estimated_time": 2
    }
},
{
    "model": "recetas.step",
    "pk": 54,
    "fields": {
        "recipe": 17,
        "order": 3,
        "instruction": "Padre tales pensar sus mes cultural energía año especial juez qué marcha oposición.",
        "estimated_time": 10
    }
},
{
    "model": "recetas.step",
    "pk": 55,
    "fields": {
        "recipe": 17,
        "order": 4,
        "instruction": "Van se cierta lo claro distintos silencio dios estilo pública peor administración consecuencia.",
        "estimated_time": 7
    }
},
{
    "model": "recetas.category",
    "pk": 1,
    "fields": {
        "name": "México",
        "description": "Si j apenas frente. Siguiente actual superior unidad.",
        "image": "",
        "is_visible": false
    }
},
{
    "model": "recetas.category",
    "pk": 2,
    "fields": {
        "name": "Médico",
        "description": "Problemas superior mayoría interior. Principales hacer pacientes.",
        "image": "",
        "is_visible": false
    }
},
{
    "model": "recetas.category",
    "pk": 3,
    "fields": {
        "name": "Acto",
        "description": "Peso servicio debía. Misma radio hizo encuentro libro.",
        "image": "",
        "is_visible": false
    }
},
{
    "model": "recetas.category",
    "pk": 4,
    "fields": {
        "name": "Madre",
        "description": "Qué parís calidad programa viejo. Texto llegado humana nadie estructura único.",
        "image": "",
        "is_visible": true
    }
},
{
    "model": "recetas.category",
    "pk": 5,
    "fields": {
        "name": "Juez",
        "description": "Aparece pone tiempos. Medida idea su servicios misma. Palabra función menor final ella.",
        "image": "",
        "is_visible": true
    }
},
{
    "model": "recetas.category",
    "pk": 6,
    "fields": {
        "name": "Premio",
        "description": "Economía hora fuerzas varias. Les máximo martín cabo única sin hora ministro.",
        "image": "",
        "is_visible": false
    }
},
{
    "model": "recetas.category",
    "pk": 7,
    "fields": {
        "name": "Cada",
        "description": "N metros por función cultural hablar. Después consumo vida premio entre vista datos nuevo.",
        "image": "",
        "is_visible": false
    }
},
{
    "model": "recetas.category",
    "pk": 8,
    "fields": {
        "name": "Película",
        "description": "Común segundo y situación paso alguna.",
        "image": "",
        "is_visible": false
    }
},
{
    "model": "recetas.category",
    "pk": 9,
    "fields": {
        "name": "Más",
        "description": "Paciente cultural rodríguez muestra acciones volver largo. Larga alta habría alto.",
        "image": "",
        "is_visible": false
    }
},
{
    "model": "recetas.category",
    "pk": 10,
    "fields": {
        "name": "Edad",
        "description": "Ideas médico propio zona. Tipo vino cultura mi club hacer televisión hijo.",
        "image": "",
        "is_visible": false
    }
},
{
    "model": "recetas.comment",
    "pk": 1,
    "fields": {
        "recipe": 6,
        "author": 54,
        "content": "Propio historia total dirección.",
        "created_at": "2025-10-21T10:45:15.295"
    }
},
{
    "model": "recetas.comment",
    "pk": 2,
    "fields": {
        "recipe": 17,
        "author": 94,
        "content": "Grupos i central centro manos pequeña.",
        "created_at": "2025-10-21T10:45:15.298"
    }
},
{
    "model": "recetas.comment",
    "pk": 3,
    "fields": {
        "recipe": 9,
        "author": 110,
        "content": "Trata cinco manera manos.",
        "created_at": "2025-10-21T10:45:15.301"
    }
},
{
    "model": "recetas.comment",
    "pk": 4,
    "fields": {
        "recipe": 11,
        "author": 116,
        "content": "Lugar gobierno hubiera será lenguaje estaba estar haciendo. Esa secretario puerta adelante.",
        "created_at": "2025-10-21T10:45:15.304"
    }
},
{
    "model": "recetas.comment",
    "pk": 5,
    "fields": {
        "recipe": 13,
        "author": 107,
        "content": "Conjunto situación junto sala etapa servicios posibilidades.",
        "created_at": "2025-10-21T10:45:15.307"
    }
},
{
    "model": "recetas.comment",
    "pk": 6,
    "fields": {
        "recipe": 10,
        "author": 40,
        "content": "Además animales hace. Grado peso tarde trata comunicación.",
        "created_at": "2025-10-21T10:45:15.310"
    }
},
{
    "model": "recetas.comment",
    "pk": 7,
    "fields": {
        "recipe": 10,
        "author": 97,
        "content": "Era aquella mayoría ese.",
        "created_at": "2025-10-21T10:45:15.313"
    }
},
{
    "model": "recetas.comment",
    "pk": 8,
    "fields": {
        "recipe": 14,
        "author": 86,
        "content": "Decir efectos país programa materia trata voluntad.",
        "created_at": "2025-10-21T10:45:15.316"
    }
},
{
    "model": "recetas.comment",
    "pk": 9,
    "fields": {
        "recipe": 10,
        "author": 91,
        "content": "Primero superior p capaz tanto. S salida sabía estilo resultado.",
        "created_at": "2025-10-21T10:45:15.319"
    }
},
{
    "model": "recetas.comment",
    "pk": 10,
    "fields": {
        "recipe": 4,
        "author": 67,
        "content": "Color han club está ejemplo.",
        "created_at": "2025-10-21T10:45:15.323"
    }
},
{
    "model": "recetas.comment",
    "pk": 11,
    "fields": {
        "recipe": 4,
        "author": 69,
        "content": "Cabeza necesidad éxito también esa.",
        "created_at": "2025-10-21T10:45:15.326"
    }
},
{
    "model": "recetas.comment",
    "pk": 12,
    "fields": {
        "recipe": 16,
        "author": 33,
        "content": "Análisis mayoría políticas relación dar.",
        "created_at": "2025-10-21T10:45:15.329"
    }
},
{
    "model": "recetas.comment",
    "pk": 13,
    "fields": {
        "recipe": 1,
        "author": 17,
        "content": "Puedo dejó francisco cuba algún nada último.",
        "created_at": "2025-10-21T10:45:15.333"
    }
},
{
    "model": "recetas.comment",
    "pk": 14,
    "fields": {
        "recipe": 10,
        "author": 2,
        "content": "Solución construcción energía tuvo claro año estado. Ejemplo mercado nuestra práctica interior.",
        "created_at": "2025-10-21T10:45:15.338"
    }
},
{
    "model": "recetas.comment",
    "pk": 15,
    "fields": {
        "recipe": 1,
        "author": 27,
        "content": "Armas demás parece dinero rey deseo encuentra. Primeras popular tienen.",
        "created_at": "2025-10-21T10:45:15.341"
    }
},
{
    "model": "recetas.tag",
    "pk": 1,
    "fields": {
        "name": "Sociales",
        "color": "blue",
        "description": "Calle cuatro efectos estados.",
        "popularity": 16
    }
},
{
    "model": "recetas.tag",
    "pk": 2,
    "fields": {
        "name": "Éxito",
        "color": "green",
        "description": "Tendrá fondo punto hace llegar amor. Aspecto prueba entrada estudios. Oro tribunal cuarto padre.",
        "popularity": 52
    }
},
{
    "model": "recetas.tag",
    "pk": 3,
    "fields": {
        "name": "Efecto",
        "color": "green",
        "description": "Sigue común tierra fiscal. Mantener derecho rafael nuestros formación comenzó solo.",
        "popularity": 53
    }
},
{
    "model": "recetas.tag",
    "pk": 4,
    "fields": {
        "name": "Poder",
        "color": "red",
        "description": "Animales pueblo san señora. Siendo mar ve primero.",
        "popularity": 71
    }
},
{
    "model": "recetas.tag",
    "pk": 5,
    "fields": {
        "name": "Mayor",
        "color": "orange",
        "description": "Respecto existe modo dicho. Haciendo julio aun hoy vino.",
        "popularity": 97
    }
},
{
    "model": "recetas.tag",
    "pk": 6,
    "fields": {
        "name": "Algunas",
        "color": "purple",
        "description": "Atención dar aquí.",
        "popularity": 6
    }
},
{
    "model": "recetas.tag",
    "pk": 7,
    "fields": {
        "name": "Punto",
        "color": "orange",
        "description": "Vía fecha habría acción dolor valor. Miguel instituciones gobierno española tiempo.",
        "popularity": 30
    }
},
{
    "model": "recetas.tag",
    "pk": 8,
    "fields": {
        "name": "Tras",
        "color": "orange",
        "description": "Pueblo miedo pablo. Deben organización acciones encuentro trabajar p justicia.",
        "popularity": 65
    }
},
{
    "model": "recetas.tag",
    "pk": 9,
    "fields": {
        "name": "Quienes",
        "color": "orange",
        "description": "Imagen precisamente sigue mil aparece. Sería señor natural madrid título millones decía.",
        "popularity": 88
    }
},
{
    "model": "recetas.tag",
    "pk": 10,
    "fields": {
        "name": "Tomar",
        "color": "purple",
        "description": "Arte d partido palabras hoy. Título centro presente.\nConjunto nuevo cierto he muestra.",
        "popularity": 27
    }
},
{
    "model": "recetas.rating",
    "pk": 1,
    "fields": {
        "recipe": 17,
        "user": 87,
        "stars": 5,
        "comment": "Cosa también tengo.",
        "created_at": "2025-10-21T10:45:15.384"
    }
},
{
    "model": "recetas.rating",
    "pk": 2,
    "fields": {
        "recipe": 7,
        "user": 107,
        "stars": 3,
        "comment": "Policía banco necesidad imágenes va todo ver.",
        "created_at": "2025-10-21T10:45:15.390"
    }
},
{
    "model": "recetas.rating",
    "pk": 3,
    "fields": {
        "recipe": 4,
        "user": 85,
        "stars": 1,
        "comment": "Pasado operación poner debe congreso única tierra.",
        "created_at": "2025-10-21T10:45:15.396"
    }
},
{
    "model": "recetas.rating",
    "pk": 4,
    "fields": {
        "recipe": 14,
        "user": 111,
        "stars": 1,
        "comment": "Español comenzó hicieron opinión.",
        "created_at": "2025-10-21T10:45:15.401"
    }
},
{
    "model": "recetas.rating",
    "pk": 5,
    "fields": {
        "recipe": 16,
        "user": 17,
        "stars": 2,
        "comment": "Internacional s luis civil ciudad distintas diversos.",
        "created_at": "2025-10-21T10:45:15.407"
    }
},
{
    "model": "recetas.rating",
    "pk": 6,
    "fields": {
        "recipe": 7,
        "user": 91,
        "stars": 1,
        "comment": "Primer camino hija estaba visita.",
        "created_at": "2025-10-21T10:45:15.413"
    }
},
{
    "model": "recetas.rating",
    "pk": 7,
    "fields": {
        "recipe": 8,
        "user": 47,
        "stars": 4,
        "comment": "Boca vista común público hacer.",
        "created_at": "2025-10-21T10:45:15.418"
    }
},
{
    "model": "recetas.rating",
    "pk": 8,
    "fields": {
        "recipe": 12,
        "user": 75,
        "stars": 5,
        "comment": "Calle hombres hombres políticas punto alto.",
        "created_at": "2025-10-21T10:45:15.424"
    }
},
{
    "model": "recetas.rating",
    "pk": 9,
    "fields": {
        "recipe": 1,
        "user": 39,
        "stars": 1,
        "comment": "Aun electoral espera pasado.",
        "created_at": "2025-10-21T10:45:15.430"
    }
},
{
    "model": "recetas.rating",
    "pk": 10,
    "fields": {
        "recipe": 13,
        "user": 16,
        "stars": 2,
        "comment": "Atención pequeño fiscal tiempo todos felipe.",
        "created_at": "2025-10-21T10:45:15.435"
    }
},
{
    "model": "recetas.rating",
    "pk": 11,
    "fields": {
        "recipe": 13,
        "user": 113,
        "stars": 2,
        "comment": "Pregunta argentina parecía.",
        "created_at": "2025-10-21T10:45:15.441"
    }
},
{
    "model": "recetas.rating",
    "pk": 12,
    "fields": {
        "recipe": 6,
        "user": 52,
        "stars": 2,
        "comment": "Líder función cultural educación sólo revolución.",
        "created_at": "2025-10-21T10:45:15.447"
    }
},
{
    "model": "recetas.rating",
    "pk": 13,
    "fields": {
        "recipe": 17,
        "user": 1,
        "stars": 1,
        "comment": "Quiere hablar sociedad nos.",
        "created_at": "2025-10-21T10:45:15.452"
    }
},
{
    "model": "recetas.rating",
    "pk": 14,
    "fields": {
        "recipe": 14,
        "user": 85,
        "stars": 5,
        "comment": "Fuerte puedo reforma interés idea estaban unidos.",
        "created_at": "2025-10-21T10:45:15.457"
    }
},
{
    "model": "recetas.rating",
    "pk": 15,
    "fields": {
        "recipe": 2,
        "user": 85,
        "stars": 3,
        "comment": "Cabeza viejo armas quedó distintos.",
        "created_at": "2025-10-21T10:45:15.460"
    }
},
{
    "model": "recetas.contactmessage",
    "pk": 1,
    "fields": {
        "name": "Sabina Cerdán Galan",
        "email": "silvio05@example.net",
        "subject": "Mes cambio podía luz este.",
        "message": "Que españoles mal crecimiento relación económica política. Policía dos carne estudio dentro. Problemas efectos tú.",
        "created_at": "2025-10-21T10:45:15.464"
    }
},
{
    "model": "recetas.contactmessage",
    "pk": 2,
    "fields": {
        "name": "Adoración Pastora Alberola Sarabia",
        "email": "teodoroangulo@example.com",
        "subject": "Tipos octubre estaba.",
        "message": "Participación suficiente luego. Con solamente voluntad exterior marzo últimos.",
        "created_at": "2025-10-21T10:45:15.468"
    }
},
{
    "model": "recetas.contactmessage",
    "pk": 3,
    "fields": {
        "name": "Casandra Pinedo-Duarte",
        "email": "juan-carloslasa@example.org",
        "subject": "Social políticos políticas.",
        "message": "Arriba en en mientras puedo. El unas análisis tiempos. Eso comenzó tener señora informe.",
        "created_at": "2025-10-21T10:45:15.471"
    }
},
{
    "model": "recetas.contactmessage",
    "pk": 4,
    "fields": {
        "name": "Olalla Reguera Roura",
        "email": "nadalmiriam@example.net",
        "subject": "Alto viene ni trata crecimiento.",
        "message": "Puede dinero podía. Libre interés donde material.\nVolver tenemos capacidad. Aspecto juicio parte estar. Oro pueblo encuentran.",
        "created_at": "2025-10-21T10:45:15.475"
    }
},
{
    "model": "recetas.contactmessage",
    "pk": 5,
    "fields": {
        "name": "Efraín del Mas",
        "email": "trinidadandreu@example.org",
        "subject": "Allá puso meses presidente capital.",
        "message": "Cabo economía camino particular. Ellas casos importante tenemos muy siguientes.\nDar tratamiento dirección madrid. Hermano actitud desarrollo.",
        "created_at": "2025-10-21T10:45:15.478"
    }
},
{
    "model": "recetas.contactmessage",
    "pk": 6,
    "fields": {
        "name": "Pilar del Casal",
        "email": "cesar26@example.net",
        "subject": "Origen dólares acto tomar.",
        "message": "Sociales dos libre naturaleza. Características club soy existe tal la.",
        "created_at": "2025-10-21T10:45:15.482"
    }
},
{
    "model": "recetas.contactmessage",
    "pk": 7,
    "fields": {
        "name": "Carlota Arribas Moles",
        "email": "joaquina77@example.com",
        "subject": "Asimismo tales ha palabra.",
        "message": "Vista ir revolución pueblo cuya sociales. Joven socialista modelo común francia.",
        "created_at": "2025-10-21T10:45:15.486"
    }
},
{
    "model": "recetas.contactmessage",
    "pk": 8,
    "fields": {
        "name": "Manuela Máxima Serna Anglada",
        "email": "solisalbano@example.com",
        "subject": "Grupo dinero ahí.",
        "message": "Resultado millones acciones real desde. Hija cuyo estilo tu aquellos corte.",
        "created_at": "2025-10-21T10:45:15.492"
    }
},
{
    "model": "recetas.contactmessage",
    "pk": 9,
    "fields": {
        "name": "Cintia Francisco Ojeda",
        "email": "virgiliogarmendia@example.org",
        "subject": "Conjunto edad supuesto decisión.",
        "message": "Vamos respuesta fuera texto estuvo todo. Propios sabía norte práctica peor.",
        "created_at": "2025-10-21T10:45:15.497"
    }
},
{
    "model": "recetas.contactmessage",
    "pk": 10,
    "fields": {
        "name": "Aristides Moll Alba",
        "email": "angelina78@example.com",
        "subject": "Son estudios luego.",
        "message": "Dinero derecho solución será universidad ella contrario sociedad. Marzo felipe pasar diciembre programa. Miguel quería casa pp dice.",
        "created_at": "2025-10-21T10:45:15.504"
    }
}
]
