[
{
  "model": "recetas.user",
  "pk": 1,
  "fields": {
    "username": "josephsosa",
    "name": "Student ok feel detail.",
    "password": "Best admit.",
    "date_joined": "2025-10-11",
    "bio": "Economy network case inside.\nPhone page also health simple. Plant get improve fall participant.\nMay eye although bill free accept. Step avoid peace."
  }
},
{
  "model": "recetas.user",
  "pk": 2,
  "fields": {
    "username": "shawthomas",
    "name": "Yet end never today final team.",
    "password": "This letter.",
    "date_joined": "2025-10-11",
    "bio": "Point human though parent near son. Thus dream full friend director development."
  }
},
{
  "model": "recetas.user",
  "pk": 3,
  "fields": {
    "username": "michellesmith",
    "name": "Card similar religious practice change mind.",
    "password": "Wear suffer.",
    "date_joined": "2025-10-11",
    "bio": "Per certainly theory recent collection. Everything miss song computer. Fly happy performance affect watch loss.\nPart early recent news their office half. Tv just the blue child certainly involve."
  }
},
{
  "model": "recetas.user",
  "pk": 4,
  "fields": {
    "username": "oharris",
    "name": "Process million partner instead.",
    "password": "Yes low.",
    "date_joined": "2025-10-11",
    "bio": "Quickly part list military situation process remain. Serious more physical nature. Pull own seven idea. Save thought quite minute at.\nKnowledge standard front space. World way task bank road against."
  }
},
{
  "model": "recetas.user",
  "pk": 5,
  "fields": {
    "username": "carlsondaniel",
    "name": "Sign factor produce.",
    "password": "Show fact.",
    "date_joined": "2025-10-11",
    "bio": "Social alone subject collection. Single drug change best him increase. Wear language state family project some party."
  }
},
{
  "model": "recetas.user",
  "pk": 6,
  "fields": {
    "username": "jeffreywebb",
    "name": "Themselves similar democratic notice whether her.",
    "password": "Mission foot.",
    "date_joined": "2025-10-11",
    "bio": "Citizen with give feeling those as. Pretty year us sort thing generation. Sister public present dog thus.\nMoment for blue mind mission manager help while. Appear knowledge discuss plant role either."
  }
},
{
  "model": "recetas.user",
  "pk": 7,
  "fields": {
    "username": "codybanks",
    "name": "Into drop team.",
    "password": "Baby provide.",
    "date_joined": "2025-10-11",
    "bio": "Few professional test bank region cold black. Property any Mr her watch point key.\nWish pressure thank phone general though onto."
  }
},
{
  "model": "recetas.user",
  "pk": 8,
  "fields": {
    "username": "gsmith",
    "name": "Place set less.",
    "password": "Rule contain.",
    "date_joined": "2025-10-11",
    "bio": "Question media hand by air improve all once. Upon project accept with group try.\nOffer main often building approach collection. Six somebody president total."
  }
},
{
  "model": "recetas.user",
  "pk": 9,
  "fields": {
    "username": "thompsonjason",
    "name": "College interview letter.",
    "password": "Share protect.",
    "date_joined": "2025-10-11",
    "bio": "Any watch pick control. Yeah employee theory meet. Along themselves his toward meeting truth.\nSchool lead yeah recently front pay."
  }
},
{
  "model": "recetas.user",
  "pk": 10,
  "fields": {
    "username": "tperez",
    "name": "Evidence chance kind Republican hot themselves.",
    "password": "Together guy.",
    "date_joined": "2025-10-11",
    "bio": "History evening high meeting upon people. Born dog career candidate pick relationship.\nVarious executive social about. Although our something wrong adult upon thought."
  }
},
{
  "model": "recetas.user",
  "pk": 11,
  "fields": {
    "username": "bkirby",
    "name": "Work however international process then father.",
    "password": "Despite rather.",
    "date_joined": "2025-10-11",
    "bio": "Message rest southern adult all ask. Exactly sing arm rock edge effect. Language size sometimes agreement.\nFinish must door moment decide.\nHuge article actually go those rule condition."
  }
},
{
  "model": "recetas.user",
  "pk": 12,
  "fields": {
    "username": "ashley17",
    "name": "Sport Republican treat loss. Agreement go almost.",
    "password": "Example lead.",
    "date_joined": "2025-10-11",
    "bio": "Represent around sell rich. Trouble offer anyone sea wonder run. Fly kitchen and last effect among position."
  }
},
{
  "model": "recetas.user",
  "pk": 13,
  "fields": {
    "username": "nmckay",
    "name": "Fine chair difficult spring.",
    "password": "I science stay.",
    "date_joined": "2025-10-11",
    "bio": "Ever move data quite detail. Wish some series win drive.\nControl happy help argue professor tough. Mean worker poor strategy car."
  }
},
{
  "model": "recetas.user",
  "pk": 14,
  "fields": {
    "username": "leahcox",
    "name": "Science week will investment.",
    "password": "Stuff much.",
    "date_joined": "2025-10-11",
    "bio": "Create young service half school lay explain. Art center step quite computer turn each number. Owner hand save life."
  }
},
{
  "model": "recetas.user",
  "pk": 15,
  "fields": {
    "username": "smithnathan",
    "name": "Stock because off adult explain of.",
    "password": "Remember live.",
    "date_joined": "2025-10-11",
    "bio": "Certain wonder successful need its work. Ground identify then listen. Learn role grow especially so pass.\nSecond training sing use skin recent go. Significant deal respond behavior open become free."
  }
},
{
  "model": "recetas.user",
  "pk": 16,
  "fields": {
    "username": "xavier02",
    "name": "Lorenzo Ferreras Dalmau",
    "password": "ayj7Q$qa^7",
    "date_joined": "2021-01-10",
    "bio": "Sociedad miguel santiago semana nacional conseguir como. Vamos eso b operación."
  }
},
{
  "model": "recetas.user",
  "pk": 17,
  "fields": {
    "username": "bcortes",
    "name": "Jennifer Macias Mesa",
    "password": "#04KWwSZnd",
    "date_joined": "2021-03-30",
    "bio": "Tampoco dejar propios hombre me. Aquí encuentra papel habla. Comenzó programas día.\nAutoridades importancia mundial objeto médico. Origen manuel congreso. Río compañía donde río."
  }
},
{
  "model": "recetas.user",
  "pk": 18,
  "fields": {
    "username": "merchecobos",
    "name": "Martirio Baños Palomar",
    "password": "%Iv8MWDv$2",
    "date_joined": "2021-07-27",
    "bio": "Produce importancia mayores cabeza líder apenas. Corte pesetas alguien marcha parís pudo. Interés claro posibilidades texto mujeres especial lucha."
  }
},
{
  "model": "recetas.user",
  "pk": 19,
  "fields": {
    "username": "calixto89",
    "name": "Lara Armengol Peral",
    "password": "9AA)sn8i)N",
    "date_joined": "2022-04-02",
    "bio": "Blanca falta sala miguel fácil. Humanos contenido mediante está europa temas opinión. Estos calidad población papel.\nGuerra estar premio varios. Encontrar conciencia quería."
  }
},
{
  "model": "recetas.user",
  "pk": 20,
  "fields": {
    "username": "donairepedro",
    "name": "Natalia Torrecilla Castillo",
    "password": "!!g8*Lm5@o",
    "date_joined": "2020-11-14",
    "bio": "Precisamente encontrar j nuevos. Interior han su tal luis. Silencio medios siguiente sólo santa dado más campaña.\nPaz nuevo mismos años al ayer. Cuanto unidos gobierno construcción tenía."
  }
},
{
  "model": "recetas.user",
  "pk": 21,
  "fields": {
    "username": "enoriega",
    "name": "Hector Sevilla-Narváez",
    "password": "8D32@S&l3^",
    "date_joined": "2023-02-11",
    "bio": "Aire democracia cantidad norte destino dejó. Juan libros han solución."
  }
},
{
  "model": "recetas.user",
  "pk": 22,
  "fields": {
    "username": "gerardonaranjo",
    "name": "Maxi de Navarrete",
    "password": "5LD@)ee3_f",
    "date_joined": "2025-05-20",
    "bio": "Calidad aquel humanos autoridades. Ella estilo dice empresa tiene.\nCapacidad personas decir paciente temas animales popular. Pronto tenían interés buenos período."
  }
},
{
  "model": "recetas.user",
  "pk": 23,
  "fields": {
    "username": "lope99",
    "name": "Enrique Álvaro Tomás Solís",
    "password": "f!7SwFCa2a",
    "date_joined": "2020-05-18",
    "bio": "Él poder información ha algún. Grupo derecha tengo película resto diez."
  }
},
{
  "model": "recetas.user",
  "pk": 24,
  "fields": {
    "username": "marita24",
    "name": "Emperatriz de Gonzalo",
    "password": "v9YqYGDq^9",
    "date_joined": "2023-10-16",
    "bio": "Enero boca políticas se nuestros nuestro llega. Líder república llama nadie favor cama.\nTiene congreso iglesia próximo superior. Mis ahí principal proyecto encuentro barcelona siendo."
  }
},
{
  "model": "recetas.user",
  "pk": 25,
  "fields": {
    "username": "isancho",
    "name": "Aura Jaume",
    "password": "N50dRgHo$$",
    "date_joined": "2024-05-24",
    "bio": "Él fuego español artículo. Hermano pronto electoral destino ellas zona hospital."
  }
},
{
  "model": "recetas.recipe",
  "pk": 1,
  "fields": {
    "title": "Old point born significant new.",
    "description": "View owner himself power power story prevent. Final state focus take minute medical. Source green toward majority detail scientist them in.",
    "author": 3,
    "created": "1982-01-05T19:14:11.946",
    "category": [
      1
    ],
    "utensils": [
      2,
      5,
      7
    ],
    "tags": [
      11
    ]
  }
},
{
  "model": "recetas.recipe",
  "pk": 2,
  "fields": {
    "title": "Event we born risk despite million.",
    "description": "Unit special I go box total. Outside hand school measure own this space. Since senior box visit magazine involve evening.",
    "author": 9,
    "created": "1986-12-23T06:50:50.414",
    "category": [
      4
    ],
    "utensils": [
      1,
      7,
      8
    ],
    "tags": [
      8
    ]
  }
},
{
  "model": "recetas.recipe",
  "pk": 3,
  "fields": {
    "title": "Mission work food practice modern main hotel.",
    "description": "Side figure couple benefit. Anyone great dog understand Congress among team. Medical drug TV similar different. After pull media fly.\nCheck page choice dark daughter at institution event.",
    "author": 6,
    "created": "2004-06-13T22:09:41.288",
    "category": [
      5,
      9,
      12
    ],
    "utensils": [
      9
    ],
    "tags": [
      4,
      6,
      7
    ]
  }
},
{
  "model": "recetas.recipe",
  "pk": 4,
  "fields": {
    "title": "Significant fact enter staff.",
    "description": "Notice pressure ground yes. Sort next federal really. Personal discussion base serve stand perhaps vote.\nI rate school wide entire want travel. Form network now ago base.",
    "author": 14,
    "created": "2017-07-15T20:29:06.562",
    "category": [
      1,
      3
    ],
    "utensils": [
      10,
      12,
      13
    ],
    "tags": [
      1,
      14
    ]
  }
},
{
  "model": "recetas.recipe",
  "pk": 5,
  "fields": {
    "title": "Provide Congress school when owner above big professional.",
    "description": "Past decide poor much dark interesting. Drug himself own there citizen back. Hotel stop offer step.\nDescribe when attorney reflect under what. Box catch single. Easy reality goal spring rule.",
    "author": 3,
    "created": "1977-05-19T02:11:03.876",
    "category": [
      12
    ],
    "utensils": [
      1
    ],
    "tags": [
      13
    ]
  }
},
{
  "model": "recetas.recipe",
  "pk": 6,
  "fields": {
    "title": "Require condition especially painting professor scientist.",
    "description": "Story expert language activity country billion. Know mind picture policy hair. Indeed ten kind.\nWin such call man occur us my. Natural cultural idea cost concern effect. Ten certainly car.",
    "author": 13,
    "created": "1979-06-13T01:35:22.108",
    "category": [
      8
    ],
    "utensils": [
      2,
      11,
      15
    ],
    "tags": [
      3,
      7,
      8,
      13
    ]
  }
},
{
  "model": "recetas.recipe",
  "pk": 7,
  "fields": {
    "title": "Price suggest small result deep last loss almost.",
    "description": "Race better law notice. Threat above through data everybody. Trip interview tree magazine drive pretty strong once.",
    "author": 5,
    "created": "1998-11-14T14:01:12.616",
    "category": [
      1,
      5
    ],
    "utensils": [
      10
    ],
    "tags": [
      2,
      6,
      12,
      15
    ]
  }
},
{
  "model": "recetas.recipe",
  "pk": 8,
  "fields": {
    "title": "Line do course final soldier light forward.",
    "description": "Kind really mission body show open question. Such fight young reflect draw yeah very.",
    "author": 12,
    "created": "2011-01-28T06:58:30.986",
    "category": [
      1,
      9
    ],
    "utensils": [
      4,
      5
    ],
    "tags": [
      1,
      5,
      11,
      15
    ]
  }
},
{
  "model": "recetas.recipe",
  "pk": 9,
  "fields": {
    "title": "Which meet word entire scientist soldier eye.",
    "description": "Indeed professional yourself southern. Pretty ok improve piece article support high. Find employee official pick.\nBit watch last study form among. Mind low risk be.",
    "author": 1,
    "created": "1991-02-05T04:19:13.143",
    "category": [
      6,
      11,
      15
    ],
    "utensils": [
      4
    ],
    "tags": [
      9
    ]
  }
},
{
  "model": "recetas.recipe",
  "pk": 10,
  "fields": {
    "title": "Spring statement employee no eight example work.",
    "description": "Ready bill wide garden president care defense. Statement page various use soon be born.",
    "author": 8,
    "created": "1989-12-29T02:55:30.942",
    "category": [
      1
    ],
    "utensils": [
      6
    ],
    "tags": [
      1,
      2,
      12,
      14
    ]
  }
},
{
  "model": "recetas.recipe",
  "pk": 11,
  "fields": {
    "title": "Red product I get.",
    "description": "Toward support local leader however miss. Add vote still just accept actually law require.\nFall model program house still ahead. As call see. Program gas relationship including.",
    "author": 9,
    "created": "1984-06-27T07:24:17.688",
    "category": [
      5,
      14
    ],
    "utensils": [
      1,
      6
    ],
    "tags": [
      2,
      4,
      5,
      6
    ]
  }
},
{
  "model": "recetas.recipe",
  "pk": 12,
  "fields": {
    "title": "Magazine protect whom especially customer wife.",
    "description": "Give my wear ready institution pattern who. During remember unit face.\nField many hotel onto house. While government million lot professor thousand.\nYoung likely sort mother wife.",
    "author": 8,
    "created": "1981-06-16T14:29:30.694",
    "category": [
      1,
      6,
      15
    ],
    "utensils": [
      4,
      5,
      14
    ],
    "tags": [
      2,
      13
    ]
  }
},
{
  "model": "recetas.recipe",
  "pk": 13,
  "fields": {
    "title": "Nothing certain life decision.",
    "description": "Information professor idea. Option report rise forward.\nChurch company lay. Bring clear individual drug security stand forget.",
    "author": 15,
    "created": "2000-05-20T11:26:55.378",
    "category": [
      5,
      7,
      10,
      12
    ],
    "utensils": [
      5,
      12,
      14
    ],
    "tags": [
      1
    ]
  }
},
{
  "model": "recetas.recipe",
  "pk": 14,
  "fields": {
    "title": "Candidate team threat example history attention meeting.",
    "description": "Mind television employee story along camera. Area every enter whole. Plan science whom trip.\nOnce cold process office mission. Left play while he next small and.",
    "author": 10,
    "created": "1984-08-06T23:39:38.271",
    "category": [
      8,
      9,
      10
    ],
    "utensils": [
      15
    ],
    "tags": [
      2
    ]
  }
},
{
  "model": "recetas.recipe",
  "pk": 15,
  "fields": {
    "title": "Decision including standard grow get from organization.",
    "description": "Production really city well begin participant wait. Throughout activity opportunity magazine. Message owner two performance.\nOwner student join. Trip student trade not.",
    "author": 10,
    "created": "1979-11-11T03:06:42.769",
    "category": [
      3,
      5,
      8
    ],
    "utensils": [
      10
    ],
    "tags": [
      2,
      3,
      12
    ]
  }
},
{
  "model": "recetas.recipe",
  "pk": 16,
  "fields": {
    "title": "Hospital europa.",
    "description": "Pablo quizá grande buenos octubre. Apoyo chile pese. Términos valores medidas julio primer.",
    "author": 17,
    "created": "2025-10-11T12:48:37.764",
    "category": [
      12
    ],
    "utensils": [
      8,
      11,
      14
    ],
    "tags": [
      2
    ]
  }
},
{
  "model": "recetas.recipe",
  "pk": 17,
  "fields": {
    "title": "Política elementos calle.",
    "description": "Relaciones felipe llega vuelta ahí mal ni animales. Ambiente objeto ve producción entrada nombre. Elecciones poco familia nacional vuelta cosa igual. Buen sol características aún europa entonces.",
    "author": 24,
    "created": "2025-10-11T12:48:37.814",
    "category": [
      1,
      6,
      15
    ],
    "utensils": [
      1,
      8,
      10
    ],
    "tags": [
      3,
      6,
      15
    ]
  }
},
{
  "model": "recetas.recipe",
  "pk": 18,
  "fields": {
    "title": "Mercado comunicación estaba.",
    "description": "Mirada estilo largo pregunta. Fuerza evitar lenguaje comisión necesidad libre militares. Primer francia destino cuenta mismo mayoría sol horas.",
    "author": 18,
    "created": "2025-10-11T12:48:37.859",
    "category": [
      11,
      13,
      15
    ],
    "utensils": [
      8
    ],
    "tags": [
      3,
      9
    ]
  }
},
{
  "model": "recetas.recipe",
  "pk": 19,
  "fields": {
    "title": "Económica tales.",
    "description": "Toda jamás acción en mal sería quizá campo. Líder estilo libertad otra dar espacio.",
    "author": 7,
    "created": "2025-10-11T12:48:37.909",
    "category": [
      10,
      11,
      13
    ],
    "utensils": [
      1
    ],
    "tags": [
      6,
      9,
      15
    ]
  }
},
{
  "model": "recetas.recipe",
  "pk": 20,
  "fields": {
    "title": "Flores hoy va dos.",
    "description": "Informe allí relaciones deseo abril dónde pública. Momentos cuanto baja psoe.",
    "author": 5,
    "created": "2025-10-11T12:48:37.955",
    "category": [
      2,
      9,
      15
    ],
    "utensils": [
      2,
      5,
      9
    ],
    "tags": [
      1
    ]
  }
},
{
  "model": "recetas.recipe",
  "pk": 21,
  "fields": {
    "title": "Minutos mantener hacia.",
    "description": "Ciento razón casa costa personal debe existen. Ayuda entrada internacional éxito.",
    "author": 17,
    "created": "2025-10-11T12:48:38.002",
    "category": [
      2,
      5,
      7
    ],
    "utensils": [
      3,
      13
    ],
    "tags": [
      1,
      2,
      7
    ]
  }
},
{
  "model": "recetas.recipe",
  "pk": 22,
  "fields": {
    "title": "Junto lópez casi.",
    "description": "Relaciones más campo. Medio plazo lado cosa fuerzas otro. Temas mejores ni norte.",
    "author": 16,
    "created": "2025-10-11T12:48:38.049",
    "category": [
      8
    ],
    "utensils": [
      2
    ],
    "tags": [
      3,
      7,
      9
    ]
  }
},
{
  "model": "recetas.recipe",
  "pk": 23,
  "fields": {
    "title": "Resulta arte.",
    "description": "Medio dejar artículo año ver personal serie. Jefe cuenta historia resto cómo unos.",
    "author": 14,
    "created": "2025-10-11T12:48:38.103",
    "category": [
      1,
      2
    ],
    "utensils": [
      10
    ],
    "tags": [
      2,
      5,
      10
    ]
  }
},
{
  "model": "recetas.recipe",
  "pk": 24,
  "fields": {
    "title": "Muchos esfuerzo cargo.",
    "description": "Unidos media varias local j miedo. Orden conocer tengo muerto produce ideas uno. Otras aún solo movimiento marcha.",
    "author": 9,
    "created": "2025-10-11T12:48:38.150",
    "category": [
      12
    ],
    "utensils": [
      3,
      5
    ],
    "tags": [
      3,
      14
    ]
  }
},
{
  "model": "recetas.recipe",
  "pk": 25,
  "fields": {
    "title": "Mal cultural.",
    "description": "Proyecto tras pasó fecha encontrar.",
    "author": 9,
    "created": "2025-10-11T12:48:38.196",
    "category": [
      3
    ],
    "utensils": [
      7,
      9,
      11
    ],
    "tags": [
      9,
      15
    ]
  }
},
{
  "model": "recetas.ingredient",
  "pk": 1,
  "fields": {
    "name": "Star serve admit show early always hear wait.",
    "calories": 12402,
    "gluten_free": false,
    "is_vegan": true,
    "image": "listen.txt"
  }
},
{
  "model": "recetas.ingredient",
  "pk": 2,
  "fields": {
    "name": "Seat size evidence PM project. Know interview increase bag.",
    "calories": -32073,
    "gluten_free": false,
    "is_vegan": false,
    "image": "speech.html"
  }
},
{
  "model": "recetas.ingredient",
  "pk": 3,
  "fields": {
    "name": "Tax certainly with discussion record. Series care city face strategy reflect behind.",
    "calories": 12598,
    "gluten_free": true,
    "is_vegan": false,
    "image": "glass.bmp"
  }
},
{
  "model": "recetas.ingredient",
  "pk": 4,
  "fields": {
    "name": "Fine option often another. Eight get again else option more loss spend.",
    "calories": -17014,
    "gluten_free": true,
    "is_vegan": false,
    "image": "beautiful.mp4"
  }
},
{
  "model": "recetas.ingredient",
  "pk": 5,
  "fields": {
    "name": "Including doctor lay rule base identify senior stock. Development have pass health.",
    "calories": -29974,
    "gluten_free": true,
    "is_vegan": true,
    "image": "series.mp3"
  }
},
{
  "model": "recetas.ingredient",
  "pk": 6,
  "fields": {
    "name": "Own budget fight develop crime. Accept them college bank step.",
    "calories": -26233,
    "gluten_free": false,
    "is_vegan": true,
    "image": "watch.png"
  }
},
{
  "model": "recetas.ingredient",
  "pk": 7,
  "fields": {
    "name": "Try modern interest standard make. Condition clearly us stop executive.",
    "calories": 23259,
    "gluten_free": false,
    "is_vegan": true,
    "image": "suddenly.flac"
  }
},
{
  "model": "recetas.ingredient",
  "pk": 8,
  "fields": {
    "name": "Value less machine with particular stock. Effort involve as fast instead product us.",
    "calories": -3206,
    "gluten_free": false,
    "is_vegan": false,
    "image": "message.jpg"
  }
},
{
  "model": "recetas.ingredient",
  "pk": 9,
  "fields": {
    "name": "Industry TV tonight. Oil under yeah party fact property.",
    "calories": -27622,
    "gluten_free": true,
    "is_vegan": true,
    "image": "black.bmp"
  }
},
{
  "model": "recetas.ingredient",
  "pk": 10,
  "fields": {
    "name": "List month thus save wall economy. Debate lot people heart get suffer. Almost young treatment.",
    "calories": 2412,
    "gluten_free": true,
    "is_vegan": false,
    "image": "across.json"
  }
},
{
  "model": "recetas.ingredient",
  "pk": 11,
  "fields": {
    "name": "Campaign trial occur ground meeting listen. Must foreign rise. Thus of party Mr stuff employee.",
    "calories": 13645,
    "gluten_free": false,
    "is_vegan": true,
    "image": "clearly.html"
  }
},
{
  "model": "recetas.ingredient",
  "pk": 12,
  "fields": {
    "name": "Politics media better church board modern machine.",
    "calories": -15884,
    "gluten_free": true,
    "is_vegan": false,
    "image": "series.webm"
  }
},
{
  "model": "recetas.ingredient",
  "pk": 13,
  "fields": {
    "name": "Story share medical some career seat. Second ball tonight will PM so they discover.",
    "calories": -28787,
    "gluten_free": false,
    "is_vegan": false,
    "image": "run.tiff"
  }
},
{
  "model": "recetas.ingredient",
  "pk": 14,
  "fields": {
    "name": "Although son push end radio. True peace in quality success walk. Because approach any throw.",
    "calories": 3659,
    "gluten_free": true,
    "is_vegan": false,
    "image": "instead.webm"
  }
},
{
  "model": "recetas.ingredient",
  "pk": 15,
  "fields": {
    "name": "Animal first else argue technology organization. Under husband policy force job phone.",
    "calories": -16619,
    "gluten_free": true,
    "is_vegan": true,
    "image": "company.mp3"
  }
},
{
  "model": "recetas.ingredient",
  "pk": 16,
  "fields": {
    "name": "Muestra",
    "calories": 68,
    "gluten_free": false,
    "is_vegan": false,
    "image": ""
  }
},
{
  "model": "recetas.ingredient",
  "pk": 17,
  "fields": {
    "name": "Mañana",
    "calories": 212,
    "gluten_free": false,
    "is_vegan": true,
    "image": ""
  }
},
{
  "model": "recetas.ingredient",
  "pk": 18,
  "fields": {
    "name": "Las",
    "calories": 342,
    "gluten_free": true,
    "is_vegan": true,
    "image": ""
  }
},
{
  "model": "recetas.ingredient",
  "pk": 19,
  "fields": {
    "name": "Militar",
    "calories": 126,
    "gluten_free": false,
    "is_vegan": true,
    "image": ""
  }
},
{
  "model": "recetas.ingredient",
  "pk": 20,
  "fields": {
    "name": "Comercio",
    "calories": 310,
    "gluten_free": true,
    "is_vegan": false,
    "image": ""
  }
},
{
  "model": "recetas.ingredient",
  "pk": 21,
  "fields": {
    "name": "Este",
    "calories": 349,
    "gluten_free": false,
    "is_vegan": false,
    "image": ""
  }
},
{
  "model": "recetas.ingredient",
  "pk": 22,
  "fields": {
    "name": "Eso",
    "calories": 493,
    "gluten_free": false,
    "is_vegan": true,
    "image": ""
  }
},
{
  "model": "recetas.ingredient",
  "pk": 23,
  "fields": {
    "name": "Jefe",
    "calories": 202,
    "gluten_free": false,
    "is_vegan": false,
    "image": ""
  }
},
{
  "model": "recetas.ingredient",
  "pk": 24,
  "fields": {
    "name": "Diciembre",
    "calories": 305,
    "gluten_free": true,
    "is_vegan": false,
    "image": ""
  }
},
{
  "model": "recetas.ingredient",
  "pk": 25,
  "fields": {
    "name": "Jamás",
    "calories": 474,
    "gluten_free": true,
    "is_vegan": false,
    "image": ""
  }
},
{
  "model": "recetas.recipeingredient",
  "pk": 1,
  "fields": {
    "recipe": 3,
    "ingredient": 10,
    "quantity": 0.2640101768562423,
    "unit": "Meeting federal."
  }
},
{
  "model": "recetas.recipeingredient",
  "pk": 2,
  "fields": {
    "recipe": 7,
    "ingredient": 3,
    "quantity": 0.3586489165996748,
    "unit": "Meet term hope."
  }
},
{
  "model": "recetas.recipeingredient",
  "pk": 3,
  "fields": {
    "recipe": 11,
    "ingredient": 5,
    "quantity": 0.5900660115510351,
    "unit": "Only few outside."
  }
},
{
  "model": "recetas.recipeingredient",
  "pk": 4,
  "fields": {
    "recipe": 13,
    "ingredient": 5,
    "quantity": 0.41969402360498564,
    "unit": "Nation walk yet."
  }
},
{
  "model": "recetas.recipeingredient",
  "pk": 5,
  "fields": {
    "recipe": 10,
    "ingredient": 14,
    "quantity": 0.6484125641261674,
    "unit": "Leg material add."
  }
},
{
  "model": "recetas.recipeingredient",
  "pk": 6,
  "fields": {
    "recipe": 4,
    "ingredient": 15,
    "quantity": 0.661148908337828,
    "unit": "Prepare stock."
  }
},
{
  "model": "recetas.recipeingredient",
  "pk": 7,
  "fields": {
    "recipe": 15,
    "ingredient": 5,
    "quantity": 0.0658443076752595,
    "unit": "Service soon you."
  }
},
{
  "model": "recetas.recipeingredient",
  "pk": 8,
  "fields": {
    "recipe": 2,
    "ingredient": 11,
    "quantity": 0.6586084707340946,
    "unit": "Door main recognize."
  }
},
{
  "model": "recetas.recipeingredient",
  "pk": 9,
  "fields": {
    "recipe": 4,
    "ingredient": 4,
    "quantity": 0.9604829258578754,
    "unit": "Never memory red."
  }
},
{
  "model": "recetas.recipeingredient",
  "pk": 10,
  "fields": {
    "recipe": 8,
    "ingredient": 12,
    "quantity": 0.38187970422859974,
    "unit": "Market rise bank."
  }
},
{
  "model": "recetas.recipeingredient",
  "pk": 11,
  "fields": {
    "recipe": 15,
    "ingredient": 6,
    "quantity": 0.31710410956846113,
    "unit": "First."
  }
},
{
  "model": "recetas.recipeingredient",
  "pk": 12,
  "fields": {
    "recipe": 12,
    "ingredient": 7,
    "quantity": 0.03652093098566023,
    "unit": "Else true bag late."
  }
},
{
  "model": "recetas.recipeingredient",
  "pk": 13,
  "fields": {
    "recipe": 11,
    "ingredient": 15,
    "quantity": 0.36622714952882296,
    "unit": "Explain care job up."
  }
},
{
  "model": "recetas.recipeingredient",
  "pk": 14,
  "fields": {
    "recipe": 12,
    "ingredient": 7,
    "quantity": 0.9358975943141908,
    "unit": "Gas if likely deep."
  }
},
{
  "model": "recetas.recipeingredient",
  "pk": 15,
  "fields": {
    "recipe": 12,
    "ingredient": 10,
    "quantity": 0.9070199014772683,
    "unit": "Deal ago during PM."
  }
},
{
  "model": "recetas.recipeingredient",
  "pk": 16,
  "fields": {
    "recipe": 4,
    "ingredient": 19,
    "quantity": 1.89,
    "unit": "kg"
  }
},
{
  "model": "recetas.recipeingredient",
  "pk": 17,
  "fields": {
    "recipe": 23,
    "ingredient": 17,
    "quantity": 1.84,
    "unit": "ml"
  }
},
{
  "model": "recetas.recipeingredient",
  "pk": 18,
  "fields": {
    "recipe": 1,
    "ingredient": 24,
    "quantity": 0.59,
    "unit": "taza"
  }
},
{
  "model": "recetas.recipeingredient",
  "pk": 19,
  "fields": {
    "recipe": 8,
    "ingredient": 5,
    "quantity": 1.34,
    "unit": "kg"
  }
},
{
  "model": "recetas.recipeingredient",
  "pk": 20,
  "fields": {
    "recipe": 1,
    "ingredient": 14,
    "quantity": 1.06,
    "unit": "g"
  }
},
{
  "model": "recetas.recipeingredient",
  "pk": 21,
  "fields": {
    "recipe": 8,
    "ingredient": 22,
    "quantity": 0.81,
    "unit": "ml"
  }
},
{
  "model": "recetas.recipeingredient",
  "pk": 22,
  "fields": {
    "recipe": 15,
    "ingredient": 2,
    "quantity": 2.18,
    "unit": "cda"
  }
},
{
  "model": "recetas.recipeingredient",
  "pk": 23,
  "fields": {
    "recipe": 25,
    "ingredient": 12,
    "quantity": 1.42,
    "unit": "cda"
  }
},
{
  "model": "recetas.recipeingredient",
  "pk": 24,
  "fields": {
    "recipe": 25,
    "ingredient": 2,
    "quantity": 1.0,
    "unit": "ml"
  }
},
{
  "model": "recetas.recipeingredient",
  "pk": 25,
  "fields": {
    "recipe": 1,
    "ingredient": 19,
    "quantity": 2.18,
    "unit": "cda"
  }
},
{
  "model": "recetas.recipeingredient",
  "pk": 26,
  "fields": {
    "recipe": 9,
    "ingredient": 5,
    "quantity": 1.93,
    "unit": "g"
  }
},
{
  "model": "recetas.recipeingredient",
  "pk": 27,
  "fields": {
    "recipe": 21,
    "ingredient": 25,
    "quantity": 2.34,
    "unit": "kg"
  }
},
{
  "model": "recetas.recipeingredient",
  "pk": 28,
  "fields": {
    "recipe": 5,
    "ingredient": 18,
    "quantity": 2.03,
    "unit": "g"
  }
},
{
  "model": "recetas.recipeingredient",
  "pk": 29,
  "fields": {
    "recipe": 23,
    "ingredient": 19,
    "quantity": 2.55,
    "unit": "cda"
  }
},
{
  "model": "recetas.recipeingredient",
  "pk": 30,
  "fields": {
    "recipe": 10,
    "ingredient": 19,
    "quantity": 1.22,
    "unit": "ml"
  }
},
{
  "model": "recetas.recipeingredient",
  "pk": 31,
  "fields": {
    "recipe": 5,
    "ingredient": 16,
    "quantity": 2.95,
    "unit": "g"
  }
},
{
  "model": "recetas.recipeingredient",
  "pk": 32,
  "fields": {
    "recipe": 15,
    "ingredient": 22,
    "quantity": 1.07,
    "unit": "kg"
  }
},
{
  "model": "recetas.recipeingredient",
  "pk": 33,
  "fields": {
    "recipe": 6,
    "ingredient": 19,
    "quantity": 2.59,
    "unit": "ml"
  }
},
{
  "model": "recetas.recipeingredient",
  "pk": 34,
  "fields": {
    "recipe": 17,
    "ingredient": 21,
    "quantity": 0.95,
    "unit": "cda"
  }
},
{
  "model": "recetas.recipeingredient",
  "pk": 35,
  "fields": {
    "recipe": 17,
    "ingredient": 8,
    "quantity": 2.41,
    "unit": "taza"
  }
},
{
  "model": "recetas.utensil",
  "pk": 1,
  "fields": {
    "name": "Threat institution reality product cover race.",
    "material": "Election teacher morning several market.",
    "dishwasher_safe": true
  }
},
{
  "model": "recetas.utensil",
  "pk": 2,
  "fields": {
    "name": "Somebody poor drug agent president seek.",
    "material": "Quickly half ahead game stuff mission happy.",
    "dishwasher_safe": true
  }
},
{
  "model": "recetas.utensil",
  "pk": 3,
  "fields": {
    "name": "Second daughter hit great daughter carry bar.",
    "material": "Information agree forget.",
    "dishwasher_safe": true
  }
},
{
  "model": "recetas.utensil",
  "pk": 4,
  "fields": {
    "name": "Development physical approach.",
    "material": "Most certain child remain show record nation his.",
    "dishwasher_safe": true
  }
},
{
  "model": "recetas.utensil",
  "pk": 5,
  "fields": {
    "name": "Politics including although both drug beyond tax.",
    "material": "Center every gas bank agreement.",
    "dishwasher_safe": true
  }
},
{
  "model": "recetas.utensil",
  "pk": 6,
  "fields": {
    "name": "Effort a discuss mouth by quite skin.",
    "material": "Professional sense pull expert example best.",
    "dishwasher_safe": true
  }
},
{
  "model": "recetas.utensil",
  "pk": 7,
  "fields": {
    "name": "With half ago study safe stage car participant.",
    "material": "Suddenly up hotel add four actually.",
    "dishwasher_safe": true
  }
},
{
  "model": "recetas.utensil",
  "pk": 8,
  "fields": {
    "name": "College mind ahead soldier.",
    "material": "Play yourself hear page gun.",
    "dishwasher_safe": true
  }
},
{
  "model": "recetas.utensil",
  "pk": 9,
  "fields": {
    "name": "Look compare alone perhaps lawyer ask fact.",
    "material": "Drop senior so reach however light bank.",
    "dishwasher_safe": true
  }
},
{
  "model": "recetas.utensil",
  "pk": 10,
  "fields": {
    "name": "Grow two its hour wife all help suffer.",
    "material": "Western most build myself though me thank.",
    "dishwasher_safe": true
  }
},
{
  "model": "recetas.utensil",
  "pk": 11,
  "fields": {
    "name": "Manager eat east soldier simply bag clear.",
    "material": "Program church city help hot.",
    "dishwasher_safe": true
  }
},
{
  "model": "recetas.utensil",
  "pk": 12,
  "fields": {
    "name": "Suggest some operation new between protect.",
    "material": "Laugh focus again goal citizen billion.",
    "dishwasher_safe": true
  }
},
{
  "model": "recetas.utensil",
  "pk": 13,
  "fields": {
    "name": "Green wall begin American recently none thought.",
    "material": "Create list high. It respond lawyer protect.",
    "dishwasher_safe": true
  }
},
{
  "model": "recetas.utensil",
  "pk": 14,
  "fields": {
    "name": "Group soon skin area century common.",
    "material": "Civil away field throw give.",
    "dishwasher_safe": true
  }
},
{
  "model": "recetas.utensil",
  "pk": 15,
  "fields": {
    "name": "Near maintain PM seven floor nearly increase.",
    "material": "Just address campaign rate prevent.",
    "dishwasher_safe": true
  }
},
{
  "model": "recetas.utensil",
  "pk": 16,
  "fields": {
    "name": "Fecha",
    "material": "acero inoxidable",
    "dishwasher_safe": true
  }
},
{
  "model": "recetas.utensil",
  "pk": 17,
  "fields": {
    "name": "Segunda",
    "material": "acero inoxidable",
    "dishwasher_safe": false
  }
},
{
  "model": "recetas.utensil",
  "pk": 18,
  "fields": {
    "name": "Movimiento",
    "material": "silicona",
    "dishwasher_safe": true
  }
},
{
  "model": "recetas.utensil",
  "pk": 19,
  "fields": {
    "name": "Resto",
    "material": "madera",
    "dishwasher_safe": true
  }
},
{
  "model": "recetas.utensil",
  "pk": 20,
  "fields": {
    "name": "Tenían",
    "material": "acero inoxidable",
    "dishwasher_safe": true
  }
},
{
  "model": "recetas.utensil",
  "pk": 21,
  "fields": {
    "name": "Siendo",
    "material": "madera",
    "dishwasher_safe": true
  }
},
{
  "model": "recetas.utensil",
  "pk": 22,
  "fields": {
    "name": "Sus",
    "material": "plástico",
    "dishwasher_safe": true
  }
},
{
  "model": "recetas.utensil",
  "pk": 23,
  "fields": {
    "name": "Movimiento",
    "material": "plástico",
    "dishwasher_safe": true
  }
},
{
  "model": "recetas.utensil",
  "pk": 24,
  "fields": {
    "name": "Medio",
    "material": "silicona",
    "dishwasher_safe": false
  }
},
{
  "model": "recetas.utensil",
  "pk": 25,
  "fields": {
    "name": "Gracias",
    "material": "silicona",
    "dishwasher_safe": true
  }
},
{
  "model": "recetas.step",
  "pk": 1,
  "fields": {
    "recipe": 6,
    "order": 8800,
    "instruction": "Provide kitchen song cause fly of after. Including system whatever color plan. Grow value enter system political wait discuss.\nScore country defense television community. Gun treat interview firm.",
    "estimated_time": -4755
  }
},
{
  "model": "recetas.step",
  "pk": 2,
  "fields": {
    "recipe": 14,
    "order": 26483,
    "instruction": "Hard someone everything sign trade wonder eight. Certain general final say. Fight their tough few often me usually. Realize job join activity management firm source.",
    "estimated_time": 31308
  }
},
{
  "model": "recetas.step",
  "pk": 3,
  "fields": {
    "recipe": 11,
    "order": 2208,
    "instruction": "Nor course low economy. Quickly affect when article enter.\nOpen fire total. Reduce image difference suffer ability chair Democrat. By even various entire.",
    "estimated_time": 16438
  }
},
{
  "model": "recetas.step",
  "pk": 4,
  "fields": {
    "recipe": 5,
    "order": 30625,
    "instruction": "Manage red situation. Work plant right wait grow man than.\nSister exist a line player democratic entire. Left nothing high off she several full citizen. Still buy central among keep white beyond.",
    "estimated_time": 22372
  }
},
{
  "model": "recetas.step",
  "pk": 5,
  "fields": {
    "recipe": 4,
    "order": 3247,
    "instruction": "Bag performance particularly surface mention. War threat member figure.",
    "estimated_time": -16049
  }
},
{
  "model": "recetas.step",
  "pk": 6,
  "fields": {
    "recipe": 8,
    "order": 23932,
    "instruction": "Nice main rate boy write. One garden say reveal size listen.\nState computer reveal pick opportunity such idea. National executive why by budget.",
    "estimated_time": -18406
  }
},
{
  "model": "recetas.step",
  "pk": 7,
  "fields": {
    "recipe": 6,
    "order": 26487,
    "instruction": "Break focus behavior up fine. Citizen word he country meet create.\nNothing home could dog.\nResponsibility man statement paper yard full though. People rich whose. Make defense yeah.",
    "estimated_time": -571
  }
},
{
  "model": "recetas.step",
  "pk": 8,
  "fields": {
    "recipe": 15,
    "order": 16993,
    "instruction": "Us staff back about cultural operation ability up. Upon finish industry.\nAgo power including. Child human stage hold. Save administration ago.",
    "estimated_time": 884
  }
},
{
  "model": "recetas.step",
  "pk": 9,
  "fields": {
    "recipe": 10,
    "order": 5952,
    "instruction": "Carry believe these war. Play stand life mother wall magazine seven. Attorney science population company do most church.",
    "estimated_time": -22954
  }
},
{
  "model": "recetas.step",
  "pk": 10,
  "fields": {
    "recipe": 2,
    "order": 28273,
    "instruction": "Trial author remember personal first long voice. Summer feeling seat possible. Serious executive back civil Congress act care low.",
    "estimated_time": -29109
  }
},
{
  "model": "recetas.step",
  "pk": 11,
  "fields": {
    "recipe": 4,
    "order": 177,
    "instruction": "Near often listen happy you. Enough buy purpose memory. Artist current exactly decide least finally note money.",
    "estimated_time": -16328
  }
},
{
  "model": "recetas.step",
  "pk": 12,
  "fields": {
    "recipe": 6,
    "order": 27386,
    "instruction": "Serious space ago east star look. Serious concern individual day budget.\nStand could gas against. Those as main support since. Cause human thousand seem town bank open.",
    "estimated_time": -29972
  }
},
{
  "model": "recetas.step",
  "pk": 13,
  "fields": {
    "recipe": 14,
    "order": 28750,
    "instruction": "Subject most pull up TV none Republican. We interview enter case.\nLawyer half various change ready should picture. Yard material else what think central when test.",
    "estimated_time": -3384
  }
},
{
  "model": "recetas.step",
  "pk": 14,
  "fields": {
    "recipe": 13,
    "order": 7468,
    "instruction": "Although physical town follow. Beyond cup cold fill. Support seven miss second.\nMajority unit oil sister. Option edge team people administration. Third produce baby kid.",
    "estimated_time": 18704
  }
},
{
  "model": "recetas.step",
  "pk": 15,
  "fields": {
    "recipe": 12,
    "order": 28610,
    "instruction": "Figure body simple. Whose process quite back.\nAmount point entire. Piece better TV remain interesting father. Significant between continue across.",
    "estimated_time": -4827
  }
},
{
  "model": "recetas.step",
  "pk": 16,
  "fields": {
    "recipe": 1,
    "order": 1,
    "instruction": "Podía hizo media esos además hubiera color términos noche parecía serán.",
    "estimated_time": 6
  }
},
{
  "model": "recetas.step",
  "pk": 17,
  "fields": {
    "recipe": 1,
    "order": 2,
    "instruction": "Crecimiento decir resultados grandes parte primeros frente importantes sola voy tres.",
    "estimated_time": 9
  }
},
{
  "model": "recetas.step",
  "pk": 18,
  "fields": {
    "recipe": 1,
    "order": 3,
    "instruction": "Objetivo han mundo partir le garcía autor.",
    "estimated_time": 8
  }
},
{
  "model": "recetas.step",
  "pk": 19,
  "fields": {
    "recipe": 2,
    "order": 1,
    "instruction": "Le lenguaje general es agua días precios debido este.",
    "estimated_time": 3
  }
},
{
  "model": "recetas.step",
  "pk": 20,
  "fields": {
    "recipe": 2,
    "order": 2,
    "instruction": "Importantes términos pedro vista único señor.",
    "estimated_time": 3
  }
},
{
  "model": "recetas.step",
  "pk": 21,
  "fields": {
    "recipe": 2,
    "order": 3,
    "instruction": "Psoe miedo etapa hora siete mirada saber características paso juan modelo después.",
    "estimated_time": 1
  }
},
{
  "model": "recetas.step",
  "pk": 22,
  "fields": {
    "recipe": 2,
    "order": 4,
    "instruction": "Civil precio juicio gracias sean temas zonas concepto según serie casa lugar.",
    "estimated_time": 7
  }
},
{
  "model": "recetas.step",
  "pk": 23,
  "fields": {
    "recipe": 2,
    "order": 5,
    "instruction": "Fiscal pueda cámara fácil productos programas civil dicho.",
    "estimated_time": 6
  }
},
{
  "model": "recetas.step",
  "pk": 24,
  "fields": {
    "recipe": 3,
    "order": 1,
    "instruction": "R pero sentido justicia viene democracia cada llega económica para fin toma siendo.",
    "estimated_time": 5
  }
},
{
  "model": "recetas.step",
  "pk": 25,
  "fields": {
    "recipe": 3,
    "order": 2,
    "instruction": "Dicen aparece precisamente hemos presencia presente ejemplo los.",
    "estimated_time": 8
  }
},
{
  "model": "recetas.step",
  "pk": 26,
  "fields": {
    "recipe": 4,
    "order": 1,
    "instruction": "Baja fue será decisión don sigue puerto cualquier difícil es.",
    "estimated_time": 2
  }
},
{
  "model": "recetas.step",
  "pk": 27,
  "fields": {
    "recipe": 4,
    "order": 2,
    "instruction": "Noche generales blanco armas investigación prensa fuerza joven durante siendo cuatro militar.",
    "estimated_time": 7
  }
},
{
  "model": "recetas.step",
  "pk": 28,
  "fields": {
    "recipe": 4,
    "order": 3,
    "instruction": "Dicho podemos deseo llegado frente u.",
    "estimated_time": 5
  }
},
{
  "model": "recetas.step",
  "pk": 29,
  "fields": {
    "recipe": 4,
    "order": 4,
    "instruction": "Respecto constitución necesario dentro valores obstante m conciencia volver condiciones siempre corte.",
    "estimated_time": 10
  }
},
{
  "model": "recetas.step",
  "pk": 30,
  "fields": {
    "recipe": 5,
    "order": 1,
    "instruction": "Hubo fin cierto realidad humana alrededor voz mantener diversos propios miedo santa.",
    "estimated_time": 6
  }
},
{
  "model": "recetas.step",
  "pk": 31,
  "fields": {
    "recipe": 5,
    "order": 2,
    "instruction": "Mujeres desarrollo gente tal clase demás sí película.",
    "estimated_time": 6
  }
},
{
  "model": "recetas.step",
  "pk": 32,
  "fields": {
    "recipe": 5,
    "order": 3,
    "instruction": "Común difícil punto viejo lenguaje trata resto encuentran cierta.",
    "estimated_time": 2
  }
},
{
  "model": "recetas.step",
  "pk": 33,
  "fields": {
    "recipe": 5,
    "order": 4,
    "instruction": "Tenido siguientes campaña chile contra central especie mucha región gobierno.",
    "estimated_time": 10
  }
},
{
  "model": "recetas.step",
  "pk": 34,
  "fields": {
    "recipe": 6,
    "order": 1,
    "instruction": "Pocos mayor ciudad hijos fernando había amigos capaz.",
    "estimated_time": 1
  }
},
{
  "model": "recetas.step",
  "pk": 35,
  "fields": {
    "recipe": 6,
    "order": 2,
    "instruction": "Libertad económica arte todavía buenos pese josé acto comercio estudios era especialmente organización.",
    "estimated_time": 1
  }
},
{
  "model": "recetas.step",
  "pk": 36,
  "fields": {
    "recipe": 6,
    "order": 3,
    "instruction": "Siete vez puso cuya más movimiento puesto puerto duda estuvo secretario.",
    "estimated_time": 10
  }
},
{
  "model": "recetas.step",
  "pk": 37,
  "fields": {
    "recipe": 7,
    "order": 1,
    "instruction": "Práctica pasar llegado respuesta desde efectos torno estructura podrá.",
    "estimated_time": 5
  }
},
{
  "model": "recetas.step",
  "pk": 38,
  "fields": {
    "recipe": 7,
    "order": 2,
    "instruction": "Actitud aspecto dejó único tiempos realizar estructura ese primera pueda consecuencia.",
    "estimated_time": 9
  }
},
{
  "model": "recetas.step",
  "pk": 39,
  "fields": {
    "recipe": 7,
    "order": 3,
    "instruction": "Vino medidas aquella aquí asimismo posibilidades cultural voluntad conjunto elecciones dirección.",
    "estimated_time": 6
  }
},
{
  "model": "recetas.step",
  "pk": 40,
  "fields": {
    "recipe": 8,
    "order": 1,
    "instruction": "Pese julio lejos importante tú deseo mayoría mi.",
    "estimated_time": 2
  }
},
{
  "model": "recetas.step",
  "pk": 41,
  "fields": {
    "recipe": 8,
    "order": 2,
    "instruction": "Mí llama unidos corte dejar comenzó.",
    "estimated_time": 8
  }
},
{
  "model": "recetas.step",
  "pk": 42,
  "fields": {
    "recipe": 8,
    "order": 3,
    "instruction": "Universidad comercio cuerpo paz vivir congreso aún tema grado entonces.",
    "estimated_time": 4
  }
},
{
  "model": "recetas.step",
  "pk": 43,
  "fields": {
    "recipe": 9,
    "order": 1,
    "instruction": "Acerca seguridad lugar grupos gracias si partidos ver lleva importancia escuela.",
    "estimated_time": 5
  }
},
{
  "model": "recetas.step",
  "pk": 44,
  "fields": {
    "recipe": 9,
    "order": 2,
    "instruction": "Podría trabajo momento sólo aquellos grandes momento miembros encontrar mes.",
    "estimated_time": 4
  }
},
{
  "model": "recetas.step",
  "pk": 45,
  "fields": {
    "recipe": 9,
    "order": 3,
    "instruction": "Sistema enfermedad momento tal operación realidad prueba adelante diversos son.",
    "estimated_time": 10
  }
},
{
  "model": "recetas.step",
  "pk": 46,
  "fields": {
    "recipe": 10,
    "order": 1,
    "instruction": "Investigación cuestión propuesta manuel te línea común del exterior profesional presencia máximo barcelona.",
    "estimated_time": 9
  }
},
{
  "model": "recetas.step",
  "pk": 47,
  "fields": {
    "recipe": 10,
    "order": 2,
    "instruction": "Esfuerzo tampoco país éste especialmente figura modo.",
    "estimated_time": 6
  }
},
{
  "model": "recetas.step",
  "pk": 48,
  "fields": {
    "recipe": 11,
    "order": 1,
    "instruction": "Cuenta fuerzas izquierda éste objeto propuesta pese vino verdad presidente peor asimismo menos.",
    "estimated_time": 8
  }
},
{
  "model": "recetas.step",
  "pk": 49,
  "fields": {
    "recipe": 11,
    "order": 2,
    "instruction": "Dólares menos ex ha recursos cómo color función propia importante armas tienen.",
    "estimated_time": 1
  }
},
{
  "model": "recetas.step",
  "pk": 50,
  "fields": {
    "recipe": 11,
    "order": 3,
    "instruction": "Actividad general está policía serán tiempo amigo figura problemas mejores porque jóvenes pueda ambos.",
    "estimated_time": 1
  }
},
{
  "model": "recetas.step",
  "pk": 51,
  "fields": {
    "recipe": 11,
    "order": 4,
    "instruction": "Ve actitud político ley encima dólares.",
    "estimated_time": 3
  }
},
{
  "model": "recetas.step",
  "pk": 52,
  "fields": {
    "recipe": 11,
    "order": 5,
    "instruction": "B reunión también visto material niños ayer siguientes.",
    "estimated_time": 7
  }
},
{
  "model": "recetas.step",
  "pk": 53,
  "fields": {
    "recipe": 12,
    "order": 1,
    "instruction": "Hospital tal ministerio días puesto conocer exterior.",
    "estimated_time": 2
  }
},
{
  "model": "recetas.step",
  "pk": 54,
  "fields": {
    "recipe": 12,
    "order": 2,
    "instruction": "Especie vida resto habían historia nivel autoridades podía.",
    "estimated_time": 7
  }
},
{
  "model": "recetas.step",
  "pk": 55,
  "fields": {
    "recipe": 12,
    "order": 3,
    "instruction": "Diversos primero común hizo mundo un aparece largo cultural familia.",
    "estimated_time": 4
  }
},
{
  "model": "recetas.step",
  "pk": 56,
  "fields": {
    "recipe": 13,
    "order": 1,
    "instruction": "Quienes objeto relaciones r ver proyecto santa hubiera blanco ejército región.",
    "estimated_time": 10
  }
},
{
  "model": "recetas.step",
  "pk": 57,
  "fields": {
    "recipe": 13,
    "order": 2,
    "instruction": "Se enfermedad trata fuentes derecho quería.",
    "estimated_time": 5
  }
},
{
  "model": "recetas.step",
  "pk": 58,
  "fields": {
    "recipe": 14,
    "order": 1,
    "instruction": "Mismo aparece fuerza congreso llevar dios siguientes.",
    "estimated_time": 9
  }
},
{
  "model": "recetas.step",
  "pk": 59,
  "fields": {
    "recipe": 14,
    "order": 2,
    "instruction": "Acuerdo ese humanos sola explicó estado dar gran.",
    "estimated_time": 4
  }
},
{
  "model": "recetas.step",
  "pk": 60,
  "fields": {
    "recipe": 14,
    "order": 3,
    "instruction": "Tipo silencio texto casi pocos una.",
    "estimated_time": 7
  }
},
{
  "model": "recetas.step",
  "pk": 61,
  "fields": {
    "recipe": 15,
    "order": 1,
    "instruction": "Países siendo llega comenzó pueden tarde naturaleza defensa hay.",
    "estimated_time": 2
  }
},
{
  "model": "recetas.step",
  "pk": 62,
  "fields": {
    "recipe": 15,
    "order": 2,
    "instruction": "Guerra j líder riesgo varios partes estar van ambiente domingo blanco razón música.",
    "estimated_time": 8
  }
},
{
  "model": "recetas.step",
  "pk": 63,
  "fields": {
    "recipe": 15,
    "order": 3,
    "instruction": "Alrededor momento cuestión parece obstante niveles calidad primer seguridad hijos toda dirección.",
    "estimated_time": 3
  }
},
{
  "model": "recetas.step",
  "pk": 64,
  "fields": {
    "recipe": 15,
    "order": 4,
    "instruction": "Europa derecha programas sobre policía domingo relación resultado.",
    "estimated_time": 9
  }
},
{
  "model": "recetas.step",
  "pk": 65,
  "fields": {
    "recipe": 16,
    "order": 1,
    "instruction": "Casos seguir texto afirmó socialista últimos conocer somos título primero.",
    "estimated_time": 7
  }
},
{
  "model": "recetas.step",
  "pk": 66,
  "fields": {
    "recipe": 16,
    "order": 2,
    "instruction": "De menor elecciones unos medidas dos carta temas.",
    "estimated_time": 3
  }
},
{
  "model": "recetas.step",
  "pk": 67,
  "fields": {
    "recipe": 16,
    "order": 3,
    "instruction": "Vio piel puntos consumo animales ideas tipos imágenes la luz sé política.",
    "estimated_time": 3
  }
},
{
  "model": "recetas.step",
  "pk": 68,
  "fields": {
    "recipe": 16,
    "order": 4,
    "instruction": "Quedó único dio medios sola sociedad propios incluso volver ministerio más haber.",
    "estimated_time": 7
  }
},
{
  "model": "recetas.step",
  "pk": 69,
  "fields": {
    "recipe": 16,
    "order": 5,
    "instruction": "Unidos llamado encuentra estaban esa estructura mar pese francisco.",
    "estimated_time": 8
  }
},
{
  "model": "recetas.step",
  "pk": 70,
  "fields": {
    "recipe": 17,
    "order": 1,
    "instruction": "Señor niveles entre muerte asunto siendo su.",
    "estimated_time": 10
  }
},
{
  "model": "recetas.step",
  "pk": 71,
  "fields": {
    "recipe": 17,
    "order": 2,
    "instruction": "García crecimiento tengo boca relación deja palabra según niño cuenta conjunto población.",
    "estimated_time": 9
  }
},
{
  "model": "recetas.step",
  "pk": 72,
  "fields": {
    "recipe": 18,
    "order": 1,
    "instruction": "Llamado cuando campo siquiera vivir presenta cámara así dar común capital acuerdo norte.",
    "estimated_time": 7
  }
},
{
  "model": "recetas.step",
  "pk": 73,
  "fields": {
    "recipe": 18,
    "order": 2,
    "instruction": "Llama presente antonio otro palabras única dio creación.",
    "estimated_time": 3
  }
},
{
  "model": "recetas.step",
  "pk": 74,
  "fields": {
    "recipe": 18,
    "order": 3,
    "instruction": "Valores palabras hijos instituto tiene él.",
    "estimated_time": 8
  }
},
{
  "model": "recetas.step",
  "pk": 75,
  "fields": {
    "recipe": 18,
    "order": 4,
    "instruction": "Toda pasar uso presidente socialista entrada del.",
    "estimated_time": 5
  }
},
{
  "model": "recetas.step",
  "pk": 76,
  "fields": {
    "recipe": 18,
    "order": 5,
    "instruction": "Contenido niveles futuro banco plaza madrid paso lenguaje gracias éste estas junto control.",
    "estimated_time": 5
  }
},
{
  "model": "recetas.step",
  "pk": 77,
  "fields": {
    "recipe": 19,
    "order": 1,
    "instruction": "Presenta está realizar ella le exterior sí pensar.",
    "estimated_time": 9
  }
},
{
  "model": "recetas.step",
  "pk": 78,
  "fields": {
    "recipe": 19,
    "order": 2,
    "instruction": "Fueron miguel entonces encontrar resultados operación ciencia ir empresas tu vista tenía vamos.",
    "estimated_time": 5
  }
},
{
  "model": "recetas.step",
  "pk": 79,
  "fields": {
    "recipe": 20,
    "order": 1,
    "instruction": "Militares fuerza queda total sean siguientes noche ii nunca habla relación propuesta.",
    "estimated_time": 5
  }
},
{
  "model": "recetas.step",
  "pk": 80,
  "fields": {
    "recipe": 20,
    "order": 2,
    "instruction": "Padre propios tema ministro dólares diferentes he.",
    "estimated_time": 3
  }
},
{
  "model": "recetas.step",
  "pk": 81,
  "fields": {
    "recipe": 20,
    "order": 3,
    "instruction": "Política paciente estilo junto n volver.",
    "estimated_time": 10
  }
},
{
  "model": "recetas.step",
  "pk": 82,
  "fields": {
    "recipe": 20,
    "order": 4,
    "instruction": "España cual interés defensa c quién importancia da.",
    "estimated_time": 1
  }
},
{
  "model": "recetas.step",
  "pk": 83,
  "fields": {
    "recipe": 21,
    "order": 1,
    "instruction": "Operación solo hijos años industria distintas técnica puesto menos necesario área.",
    "estimated_time": 5
  }
},
{
  "model": "recetas.step",
  "pk": 84,
  "fields": {
    "recipe": 21,
    "order": 2,
    "instruction": "Universidad tenemos habla rafael derecho próximo.",
    "estimated_time": 2
  }
},
{
  "model": "recetas.step",
  "pk": 85,
  "fields": {
    "recipe": 21,
    "order": 3,
    "instruction": "Música luego suficiente jamás parece derecho plazo nuestro.",
    "estimated_time": 4
  }
},
{
  "model": "recetas.step",
  "pk": 86,
  "fields": {
    "recipe": 21,
    "order": 4,
    "instruction": "Pone dicho contra volvió tarde servicio asunto libertad creo paso papel y.",
    "estimated_time": 5
  }
},
{
  "model": "recetas.step",
  "pk": 87,
  "fields": {
    "recipe": 22,
    "order": 1,
    "instruction": "Único será semana dio quedó vía américa ayuda considera siguiente.",
    "estimated_time": 2
  }
},
{
  "model": "recetas.step",
  "pk": 88,
  "fields": {
    "recipe": 22,
    "order": 2,
    "instruction": "Diversos cada demás fernando habrá precisamente hablar pensar saber necesidad llegar consumo.",
    "estimated_time": 6
  }
},
{
  "model": "recetas.step",
  "pk": 89,
  "fields": {
    "recipe": 22,
    "order": 3,
    "instruction": "Trata trabajadores condiciones asociación peso forma.",
    "estimated_time": 7
  }
},
{
  "model": "recetas.step",
  "pk": 90,
  "fields": {
    "recipe": 22,
    "order": 4,
    "instruction": "Tal gente mesa centro tema hecho características.",
    "estimated_time": 4
  }
},
{
  "model": "recetas.step",
  "pk": 91,
  "fields": {
    "recipe": 23,
    "order": 1,
    "instruction": "Segunda educación propuesta información unión podría bien dos embargo medios.",
    "estimated_time": 3
  }
},
{
  "model": "recetas.step",
  "pk": 92,
  "fields": {
    "recipe": 23,
    "order": 2,
    "instruction": "Dan precio enero todas volvió habrá primeras deja aquellos.",
    "estimated_time": 9
  }
},
{
  "model": "recetas.step",
  "pk": 93,
  "fields": {
    "recipe": 23,
    "order": 3,
    "instruction": "Naturaleza efectos central sistema arte unas muchos popular madre propios fácil.",
    "estimated_time": 10
  }
},
{
  "model": "recetas.step",
  "pk": 94,
  "fields": {
    "recipe": 23,
    "order": 4,
    "instruction": "Llevar la durante dar película aspecto local podía casos decisión.",
    "estimated_time": 7
  }
},
{
  "model": "recetas.step",
  "pk": 95,
  "fields": {
    "recipe": 24,
    "order": 1,
    "instruction": "G análisis ha única dos tan.",
    "estimated_time": 10
  }
},
{
  "model": "recetas.step",
  "pk": 96,
  "fields": {
    "recipe": 24,
    "order": 2,
    "instruction": "Período empresa e consejo obstante prueba autoridades paz mano algunas régimen miguel.",
    "estimated_time": 7
  }
},
{
  "model": "recetas.step",
  "pk": 97,
  "fields": {
    "recipe": 24,
    "order": 3,
    "instruction": "Del aparece entrada industria policía quienes estilo través juez razones parece nueva estaban.",
    "estimated_time": 6
  }
},
{
  "model": "recetas.step",
  "pk": 98,
  "fields": {
    "recipe": 24,
    "order": 4,
    "instruction": "Serán precio siete tenían figura pública mar.",
    "estimated_time": 1
  }
},
{
  "model": "recetas.step",
  "pk": 99,
  "fields": {
    "recipe": 24,
    "order": 5,
    "instruction": "Organización través idea energía sangre superior pequeño entre mar todas información media durante.",
    "estimated_time": 4
  }
},
{
  "model": "recetas.step",
  "pk": 100,
  "fields": {
    "recipe": 25,
    "order": 1,
    "instruction": "Aquella mis deben intereses libros industria voy arriba haya llegado enfermedad naturaleza pasó.",
    "estimated_time": 3
  }
},
{
  "model": "recetas.step",
  "pk": 101,
  "fields": {
    "recipe": 25,
    "order": 2,
    "instruction": "Costa teoría estos manos que hoy iba si participación asociación.",
    "estimated_time": 7
  }
},
{
  "model": "recetas.step",
  "pk": 102,
  "fields": {
    "recipe": 25,
    "order": 3,
    "instruction": "D ley asunto autor días nosotros serán m pablo dado sabe estas punto.",
    "estimated_time": 6
  }
},
{
  "model": "recetas.step",
  "pk": 103,
  "fields": {
    "recipe": 25,
    "order": 4,
    "instruction": "Esfuerzo fuera zona tribunal sociales queda términos libros opinión violencia haciendo.",
    "estimated_time": 10
  }
},
{
  "model": "recetas.step",
  "pk": 104,
  "fields": {
    "recipe": 25,
    "order": 5,
    "instruction": "Nuevo dio finalmente propio razones estilo iba solución pese.",
    "estimated_time": 9
  }
},
{
  "model": "recetas.category",
  "pk": 1,
  "fields": {
    "name": "Remain property save teach.",
    "description": "Get artist while next together glass wide act. List radio at down. Agreement house there social value financial.",
    "image": "near.jpg",
    "is_visible": true
  }
},
{
  "model": "recetas.category",
  "pk": 2,
  "fields": {
    "name": "Market image including us.",
    "description": "Lot change education away house financial whom. Enough plan our.\nLong spring early attack.\nProve design member executive.\nRead building lawyer water. Really drug mouth great recently.",
    "image": "whether.csv",
    "is_visible": true
  }
},
{
  "model": "recetas.category",
  "pk": 3,
  "fields": {
    "name": "Real certain well.",
    "description": "Service common person test too common voice gun. Less turn consumer nature range. Whole from red gas nor none door seven.\nGroup upon conference employee. Different trade address fast even.",
    "image": "put.mov",
    "is_visible": true
  }
},
{
  "model": "recetas.category",
  "pk": 4,
  "fields": {
    "name": "Mrs medical probably music.",
    "description": "Require day then despite particular.\nHome treatment next organization worker send answer. Maintain subject nice month.",
    "image": "forward.wav",
    "is_visible": true
  }
},
{
  "model": "recetas.category",
  "pk": 5,
  "fields": {
    "name": "Spend wear six whole service.",
    "description": "Enter behind perhaps main gun it. Similar everybody sense food second religious. Now blue attorney such street degree describe. Right although feeling summer know method ten.",
    "image": "politics.webm",
    "is_visible": true
  }
},
{
  "model": "recetas.category",
  "pk": 6,
  "fields": {
    "name": "Question some view boy lead.",
    "description": "Mean form throw call he political home. Top claim sign moment have.\nHouse test that. Control friend point nothing.\nPush four democratic reflect. Fact attorney simple step store.",
    "image": "senior.mov",
    "is_visible": true
  }
},
{
  "model": "recetas.category",
  "pk": 7,
  "fields": {
    "name": "Management respond argue.",
    "description": "Put difficult opportunity issue. Line thus rate.\nDiscussion agency choose trade never car save. Staff shake usually music.",
    "image": "occur.csv",
    "is_visible": true
  }
},
{
  "model": "recetas.category",
  "pk": 8,
  "fields": {
    "name": "Of science national fish.",
    "description": "Kid ball fill dream understand too. Section note produce quality. Example realize whole role summer name include.\nMeet different begin instead kind if trial. Main current laugh matter.",
    "image": "control.csv",
    "is_visible": true
  }
},
{
  "model": "recetas.category",
  "pk": 9,
  "fields": {
    "name": "Recently position rich dark.",
    "description": "Food important product then. Boy everything war letter oil. Way agree grow serious various condition.",
    "image": "board.mp3",
    "is_visible": true
  }
},
{
  "model": "recetas.category",
  "pk": 10,
  "fields": {
    "name": "Owner person give.",
    "description": "Human myself parent how act happen cell. Need include traditional five wonder human recognize. Woman pretty appear direction five light.",
    "image": "onto.mov",
    "is_visible": true
  }
},
{
  "model": "recetas.category",
  "pk": 11,
  "fields": {
    "name": "Change around perhaps around.",
    "description": "Provide development side own debate really lose behavior. Recent could take trade. Avoid themselves language paper current success nor.",
    "image": "entire.html",
    "is_visible": true
  }
},
{
  "model": "recetas.category",
  "pk": 12,
  "fields": {
    "name": "Market usually strong build.",
    "description": "While from most charge kind. Create campaign western course. Far thus others relate.\nDrop community when explain almost great yard. Doctor head realize game reveal knowledge sport.",
    "image": "watch.csv",
    "is_visible": true
  }
},
{
  "model": "recetas.category",
  "pk": 13,
  "fields": {
    "name": "Pretty call within Democrat.",
    "description": "Since debate these letter power fund too.\nCertain particular ground wife. Series drop hope foreign easy school style. Article challenge care if minute increase.",
    "image": "magazine.wav",
    "is_visible": true
  }
},
{
  "model": "recetas.category",
  "pk": 14,
  "fields": {
    "name": "Newspaper range put citizen.",
    "description": "Among no board light scientist include. Vote mind pretty second sometimes manage. Energy today outside.\nLaw good partner up. Pass central often. Include poor ago lead gun share under possible.",
    "image": "nothing.tiff",
    "is_visible": true
  }
},
{
  "model": "recetas.category",
  "pk": 15,
  "fields": {
    "name": "Same senior land particular.",
    "description": "Population hot figure drop window Mr.\nBoard simple health upon wife. Room baby pattern mean to.\nDoor adult decade order. College fill stop middle trouble.",
    "image": "weight.csv",
    "is_visible": true
  }
},
{
  "model": "recetas.category",
  "pk": 16,
  "fields": {
    "name": "Torno",
    "description": "Cuya iglesia televisión padre deben.\nUniversidad español movimiento. Llega fiscal texto.",
    "image": "",
    "is_visible": false
  }
},
{
  "model": "recetas.category",
  "pk": 17,
  "fields": {
    "name": "Diferencia",
    "description": "Comercio seguridad aparece lugar. Aquí las está abril especial tal. Riesgo fondo quiere.",
    "image": "",
    "is_visible": false
  }
},
{
  "model": "recetas.category",
  "pk": 18,
  "fields": {
    "name": "Ese",
    "description": "Hace prensa prueba. Grande compañía origen precios acto ir.",
    "image": "",
    "is_visible": false
  }
},
{
  "model": "recetas.category",
  "pk": 19,
  "fields": {
    "name": "Vio",
    "description": "Tenido barcelona unos éxito aquellas lado hace.",
    "image": "",
    "is_visible": false
  }
},
{
  "model": "recetas.category",
  "pk": 20,
  "fields": {
    "name": "Manera",
    "description": "Siete compañía conocer sin eso tenían menos. Derecha político respuesta oficial ha solamente.",
    "image": "",
    "is_visible": false
  }
},
{
  "model": "recetas.category",
  "pk": 21,
  "fields": {
    "name": "Fondo",
    "description": "Sé libertad calidad desarrollo constitución. Punto servicios peor cultura tenemos sí región.",
    "image": "",
    "is_visible": false
  }
},
{
  "model": "recetas.category",
  "pk": 22,
  "fields": {
    "name": "Empresa",
    "description": "Argentina imagen banco hospital lópez tener situación. Vuelta grande abril causa solo.",
    "image": "",
    "is_visible": false
  }
},
{
  "model": "recetas.category",
  "pk": 23,
  "fields": {
    "name": "María",
    "description": "Fue momento aquí hasta gran. Personal había mesa dan.",
    "image": "",
    "is_visible": true
  }
},
{
  "model": "recetas.category",
  "pk": 24,
  "fields": {
    "name": "Chile",
    "description": "Color iglesia mejor puedo mañana cinco. También vino seguir hay jefe hecho haciendo sido.",
    "image": "",
    "is_visible": true
  }
},
{
  "model": "recetas.category",
  "pk": 25,
  "fields": {
    "name": "Frente",
    "description": "Militar julio adelante estados. Consejo tras rey hijos siquiera intereses crisis.",
    "image": "",
    "is_visible": false
  }
},
{
  "model": "recetas.comment",
  "pk": 1,
  "fields": {
    "recipe": 10,
    "author": 13,
    "content": "Answer address detail successful market allow south. Manager administration choice experience. Family indicate believe step need phone thing.",
    "created_at": "1982-06-06T13:27:17.715"
  }
},
{
  "model": "recetas.comment",
  "pk": 2,
  "fields": {
    "recipe": 8,
    "author": 14,
    "content": "Center political money break opportunity. Middle bit contain friend. Surface bill leg total scene when rise.\nCost argue board daughter onto record. Everything drug specific religious difficult.",
    "created_at": "2022-02-01T16:24:13.234"
  }
},
{
  "model": "recetas.comment",
  "pk": 3,
  "fields": {
    "recipe": 5,
    "author": 7,
    "content": "National around matter almost under some. System various tax science might.\nEverything ask claim big government effort. Ever sea positive training. Official need pick trip push pull time.",
    "created_at": "2009-11-25T22:51:18.861"
  }
},
{
  "model": "recetas.comment",
  "pk": 4,
  "fields": {
    "recipe": 9,
    "author": 7,
    "content": "Administration whom reduce break action. News drive start pass. Realize table hope white.\nAlways customer anyone as reveal particularly child. Find up lawyer agency add law whom.",
    "created_at": "2012-03-19T23:16:19.735"
  }
},
{
  "model": "recetas.comment",
  "pk": 5,
  "fields": {
    "recipe": 2,
    "author": 14,
    "content": "Enjoy worry safe. Story consider plan simple subject mention face.",
    "created_at": "1984-11-25T22:11:16.853"
  }
},
{
  "model": "recetas.comment",
  "pk": 6,
  "fields": {
    "recipe": 15,
    "author": 9,
    "content": "Upon whole assume nature. City what sport develop able growth into.\nContinue space itself our. Quite loss blood education provide.",
    "created_at": "2018-04-25T17:03:11.589"
  }
},
{
  "model": "recetas.comment",
  "pk": 7,
  "fields": {
    "recipe": 7,
    "author": 10,
    "content": "North daughter mention. Long capital dream support environment election.",
    "created_at": "1976-06-07T23:23:56.230"
  }
},
{
  "model": "recetas.comment",
  "pk": 8,
  "fields": {
    "recipe": 10,
    "author": 8,
    "content": "Daughter art operation ahead area life early. Reality particular hour campaign. Arm try federal these. Each hotel per color threat feel.",
    "created_at": "2008-05-09T04:41:20.806"
  }
},
{
  "model": "recetas.comment",
  "pk": 9,
  "fields": {
    "recipe": 2,
    "author": 14,
    "content": "Federal dark court will. Eye lose himself. Tv west south worry north. Rich list small phone create.",
    "created_at": "2018-03-10T14:36:51.353"
  }
},
{
  "model": "recetas.comment",
  "pk": 10,
  "fields": {
    "recipe": 11,
    "author": 5,
    "content": "Charge marriage moment. Letter source able goal.\nWoman piece network area article bar player story. Congress whom view teach increase. Prevent when little everybody view mean face.",
    "created_at": "1981-03-19T16:31:07.356"
  }
},
{
  "model": "recetas.comment",
  "pk": 11,
  "fields": {
    "recipe": 10,
    "author": 13,
    "content": "Court consider food. Budget guy body top matter.\nExpert join truth room. Street ask the professional southern senior. Whether bit thought cost. Six foot ahead bill.",
    "created_at": "1994-07-23T23:31:28.707"
  }
},
{
  "model": "recetas.comment",
  "pk": 12,
  "fields": {
    "recipe": 4,
    "author": 13,
    "content": "Recently federal perhaps woman interview wear certain. Yes role few present stay.",
    "created_at": "1973-09-11T08:06:47.548"
  }
},
{
  "model": "recetas.comment",
  "pk": 13,
  "fields": {
    "recipe": 7,
    "author": 10,
    "content": "Finish throughout after. Anyone hotel eye interesting city after close.\nAll social religious major cut. Term summer difference fish general.",
    "created_at": "2021-06-15T15:53:49.501"
  }
},
{
  "model": "recetas.comment",
  "pk": 14,
  "fields": {
    "recipe": 4,
    "author": 7,
    "content": "Opportunity others attorney first shoulder. Choose window seat deep interview. Particular care health focus mother.\nSomebody have director. Up start participant yeah open nature pretty pick.",
    "created_at": "1996-08-08T02:47:19.933"
  }
},
{
  "model": "recetas.comment",
  "pk": 15,
  "fields": {
    "recipe": 4,
    "author": 8,
    "content": "Certainly affect hold late. Outside glass avoid field help nearly. Dream pull address return federal push.",
    "created_at": "2006-12-08T21:00:06.485"
  }
},
{
  "model": "recetas.comment",
  "pk": 16,
  "fields": {
    "recipe": 23,
    "author": 7,
    "content": "Defensa estos programas. Imagen cabo consecuencia fuera formas arte maría peso.",
    "created_at": "2025-10-11T12:48:40.178"
  }
},
{
  "model": "recetas.comment",
  "pk": 17,
  "fields": {
    "recipe": 5,
    "author": 18,
    "content": "Uno presenta igual servicios primero ninguna asociación.",
    "created_at": "2025-10-11T12:48:40.190"
  }
},
{
  "model": "recetas.comment",
  "pk": 18,
  "fields": {
    "recipe": 2,
    "author": 24,
    "content": "Pública doctor suficiente años tipos político palabras.",
    "created_at": "2025-10-11T12:48:40.202"
  }
},
{
  "model": "recetas.comment",
  "pk": 19,
  "fields": {
    "recipe": 3,
    "author": 12,
    "content": "Cara compañía general generales hablar toda año volvió. Público ministro volvió negro resto razón vino.",
    "created_at": "2025-10-11T12:48:40.214"
  }
},
{
  "model": "recetas.comment",
  "pk": 20,
  "fields": {
    "recipe": 13,
    "author": 8,
    "content": "Lleva creo padres tipos.",
    "created_at": "2025-10-11T12:48:40.226"
  }
},
{
  "model": "recetas.comment",
  "pk": 21,
  "fields": {
    "recipe": 17,
    "author": 5,
    "content": "Jamás mediante victoria. Defensa r hemos noche imagen seguir volver.",
    "created_at": "2025-10-11T12:48:40.238"
  }
},
{
  "model": "recetas.comment",
  "pk": 22,
  "fields": {
    "recipe": 5,
    "author": 4,
    "content": "Perdido común poder verdad muestra. Salida hora participación.",
    "created_at": "2025-10-11T12:48:40.253"
  }
},
{
  "model": "recetas.comment",
  "pk": 23,
  "fields": {
    "recipe": 10,
    "author": 8,
    "content": "Decisión premio fuerzas. Mejor obra ocasión existencia.",
    "created_at": "2025-10-11T12:48:40.265"
  }
},
{
  "model": "recetas.comment",
  "pk": 24,
  "fields": {
    "recipe": 12,
    "author": 6,
    "content": "Podrá izquierda mejores posición seis. Hace principal importante quería consumo animales camino.",
    "created_at": "2025-10-11T12:48:40.277"
  }
},
{
  "model": "recetas.comment",
  "pk": 25,
  "fields": {
    "recipe": 3,
    "author": 4,
    "content": "Producto p personal partes unidos cosas octubre empresa. Especialmente libre recursos actitud.",
    "created_at": "2025-10-11T12:48:40.290"
  }
},
{
  "model": "recetas.comment",
  "pk": 26,
  "fields": {
    "recipe": 25,
    "author": 19,
    "content": "Existe mujeres c bueno solamente centro único. Sola mirada minutos santiago hizo medio.",
    "created_at": "2025-10-11T12:48:40.302"
  }
},
{
  "model": "recetas.comment",
  "pk": 27,
  "fields": {
    "recipe": 19,
    "author": 7,
    "content": "Tienen justicia m dentro militares.",
    "created_at": "2025-10-11T12:48:40.314"
  }
},
{
  "model": "recetas.comment",
  "pk": 28,
  "fields": {
    "recipe": 8,
    "author": 2,
    "content": "Tiempo palabra resultado aumento autoridades.",
    "created_at": "2025-10-11T12:48:40.326"
  }
},
{
  "model": "recetas.comment",
  "pk": 29,
  "fields": {
    "recipe": 7,
    "author": 16,
    "content": "Toma solo casa j poco estamos actitud.",
    "created_at": "2025-10-11T12:48:40.338"
  }
},
{
  "model": "recetas.comment",
  "pk": 30,
  "fields": {
    "recipe": 2,
    "author": 4,
    "content": "Único muchos única sistemas. Tenía tales estuvo primer mercado.",
    "created_at": "2025-10-11T12:48:40.355"
  }
},
{
  "model": "recetas.tag",
  "pk": 1,
  "fields": {
    "name": "Between Mrs third.",
    "color": "green",
    "description": "Number usually back reality remember. Election middle read woman force PM. Key north also coach second field.\nSingle record fund firm look. Answer sell area look green.",
    "popularity": 27009
  }
},
{
  "model": "recetas.tag",
  "pk": 2,
  "fields": {
    "name": "Drop choose finish quickly.",
    "color": "green",
    "description": "Data almost risk save something theory. Player board car knowledge project. I notice clear very.\nHold increase gun so huge. Understand goal next itself dream them choose both.",
    "popularity": 24111
  }
},
{
  "model": "recetas.tag",
  "pk": 3,
  "fields": {
    "name": "Fine actually land.",
    "color": "green",
    "description": "Avoid someone note. Us morning them student anyone less computer.\nPrevent clearly though item pick think personal. Boy pressure white develop.",
    "popularity": -23273
  }
},
{
  "model": "recetas.tag",
  "pk": 4,
  "fields": {
    "name": "Music task each suddenly cup.",
    "color": "green",
    "description": "Important support water try market will want. Leader fill simple model. Tend choice child husband during.",
    "popularity": 4187
  }
},
{
  "model": "recetas.tag",
  "pk": 5,
  "fields": {
    "name": "Remember pattern yes.",
    "color": "green",
    "description": "Young bag air party president.\nCarry if in pattern door professor. Break generation include keep. Century peace central best technology. Film safe card career focus give.",
    "popularity": -31917
  }
},
{
  "model": "recetas.tag",
  "pk": 6,
  "fields": {
    "name": "Kind real far list.",
    "color": "green",
    "description": "Before school nice lead morning medical. Military according stuff. Even nation drive right response area church.\nDevelop day yard eight clear property. Thought no blood price listen.",
    "popularity": 16364
  }
},
{
  "model": "recetas.tag",
  "pk": 7,
  "fields": {
    "name": "Phone center Mr house policy.",
    "color": "green",
    "description": "Environment reason election wear base. Including recent modern vote ever long.\nTeacher design wear season meet level audience. Their culture spring. Customer serve by dream should.",
    "popularity": 25256
  }
},
{
  "model": "recetas.tag",
  "pk": 8,
  "fields": {
    "name": "Hear near statement.",
    "color": "green",
    "description": "Success blood unit they offer. Exactly something early term condition cover.\nAsk idea low. Exactly option them these year. Win store form.\nMoney strategy discuss old usually prepare.",
    "popularity": -13635
  }
},
{
  "model": "recetas.tag",
  "pk": 9,
  "fields": {
    "name": "A moment boy provide.",
    "color": "green",
    "description": "Successful wall staff bring agency human model. Something news measure bit Democrat.\nAttack from year mind. Bed near force need item huge so affect.",
    "popularity": 24239
  }
},
{
  "model": "recetas.tag",
  "pk": 10,
  "fields": {
    "name": "Growth TV provide time treat.",
    "color": "green",
    "description": "Bit herself why husband admit. They message reason admit we security. Image west spend student success.",
    "popularity": -30506
  }
},
{
  "model": "recetas.tag",
  "pk": 11,
  "fields": {
    "name": "Offer know happy close whole.",
    "color": "green",
    "description": "Somebody stay court in form worker travel. Smile behavior sing inside reduce once along every.\nShake student imagine significant bit. Account represent itself force. Chair house site general.",
    "popularity": 17495
  }
},
{
  "model": "recetas.tag",
  "pk": 12,
  "fields": {
    "name": "Ever officer live bill.",
    "color": "green",
    "description": "Country six wear fire catch growth. Perform total fall hour office kind. Actually available Congress law eat.",
    "popularity": 2712
  }
},
{
  "model": "recetas.tag",
  "pk": 13,
  "fields": {
    "name": "Him item help father paper.",
    "color": "green",
    "description": "Cut interview adult million. Prepare on well professional. Arm whatever goal game order.\nLikely special baby perhaps name.\nMonth and federal prove for must turn. Help animal television degree single.",
    "popularity": 4903
  }
},
{
  "model": "recetas.tag",
  "pk": 14,
  "fields": {
    "name": "Positive try fear single.",
    "color": "green",
    "description": "Father they recognize community go local. Value oil provide sound happen defense. Continue century local kitchen oil.",
    "popularity": -8997
  }
},
{
  "model": "recetas.tag",
  "pk": 15,
  "fields": {
    "name": "Eye defense ten blue present.",
    "color": "green",
    "description": "Senior doctor garden argue rest. Bank up instead like least yeah. Rise he low hope indeed.\nShake seven after. Appear Mrs part possible.\nAdmit conference inside money.",
    "popularity": -12450
  }
},
{
  "model": "recetas.tag",
  "pk": 16,
  "fields": {
    "name": "Propia",
    "color": "blue",
    "description": "Día seguir ese eso muerte he. Favor verdad mano sean quedó porque ocasiones.",
    "popularity": 59
  }
},
{
  "model": "recetas.tag",
  "pk": 17,
  "fields": {
    "name": "Izquierda",
    "color": "blue",
    "description": "Ésta sistemas conjunto trabajar me.",
    "popularity": 72
  }
},
{
  "model": "recetas.tag",
  "pk": 18,
  "fields": {
    "name": "Diez",
    "color": "red",
    "description": "Hizo local tal electoral mundo público felipe. Voz que reforma fuerzas muerto cierto estamos.",
    "popularity": 32
  }
},
{
  "model": "recetas.tag",
  "pk": 19,
  "fields": {
    "name": "Decía",
    "color": "orange",
    "description": "Tipo jóvenes blanca fuerza habría población hoy. Pese estudio octubre antonio.",
    "popularity": 51
  }
},
{
  "model": "recetas.tag",
  "pk": 20,
  "fields": {
    "name": "Semanas",
    "color": "purple",
    "description": "Dijo semanas tiempos diferentes está van.",
    "popularity": 70
  }
},
{
  "model": "recetas.tag",
  "pk": 21,
  "fields": {
    "name": "Empresa",
    "color": "red",
    "description": "Da junto productos volver aquel. Capital mujer crisis es salud cuerpo. Buen tenemos propio.",
    "popularity": 25
  }
},
{
  "model": "recetas.tag",
  "pk": 22,
  "fields": {
    "name": "Llega",
    "color": "purple",
    "description": "Final pablo formas solamente. Ciudad estilo formas amigo. Quiero después ningún debía vez nuestros.",
    "popularity": 73
  }
},
{
  "model": "recetas.tag",
  "pk": 23,
  "fields": {
    "name": "Costa",
    "color": "orange",
    "description": "Fecha región etapa buena llamado conciencia vuelta. Amigo deseo don texto.",
    "popularity": 64
  }
},
{
  "model": "recetas.tag",
  "pk": 24,
  "fields": {
    "name": "Septiembre",
    "color": "orange",
    "description": "Aquella tema acuerdo interior vino español. Revolución jorge tales antes.",
    "popularity": 96
  }
},
{
  "model": "recetas.tag",
  "pk": 25,
  "fields": {
    "name": "Rey",
    "color": "blue",
    "description": "Programa pueda existencia las sistemas adelante comercio. Como ser medio. Fecha miguel televisión.",
    "popularity": 28
  }
},
{
  "model": "recetas.rating",
  "pk": 1,
  "fields": {
    "recipe": 2,
    "user": 2,
    "stars": 1,
    "comment": "Security need station air plan tax black. Way sort job every together quite happen. Suggest human author cause body least the arm.\nDespite more tend between rest. Dream special police you effort.",
    "created_at": "2004-06-16T01:11:56.449"
  }
},
{
  "model": "recetas.rating",
  "pk": 2,
  "fields": {
    "recipe": 2,
    "user": 2,
    "stars": 3,
    "comment": "Foot area me enjoy front. Rest hospital she talk level. Middle nation its our brother value physical sing. Easy institution quite house stop fact.",
    "created_at": "1972-02-16T14:18:19.656"
  }
},
{
  "model": "recetas.rating",
  "pk": 3,
  "fields": {
    "recipe": 8,
    "user": 12,
    "stars": 3,
    "comment": "Education such ten strategy have boy general. Then especially plant soon page benefit explain.\nAttention article treat address. Police its writer note sit ability her six. Congress southern subject.",
    "created_at": "2005-12-27T05:19:57.258"
  }
},
{
  "model": "recetas.rating",
  "pk": 4,
  "fields": {
    "recipe": 10,
    "user": 4,
    "stars": 5,
    "comment": "Fight read experience write sister. Necessary speech professor event message measure. Us push relationship simple.",
    "created_at": "2020-08-11T21:25:02.063"
  }
},
{
  "model": "recetas.rating",
  "pk": 5,
  "fields": {
    "recipe": 10,
    "user": 11,
    "stars": 3,
    "comment": "Third explain theory foreign. Yet law though some area soon. Arrive hour ground minute western college available.",
    "created_at": "2018-11-13T08:47:40.938"
  }
},
{
  "model": "recetas.rating",
  "pk": 6,
  "fields": {
    "recipe": 4,
    "user": 2,
    "stars": 1,
    "comment": "Catch perform box actually administration raise. Success oil thank research think Republican.",
    "created_at": "1980-05-02T13:45:03.257"
  }
},
{
  "model": "recetas.rating",
  "pk": 7,
  "fields": {
    "recipe": 2,
    "user": 1,
    "stars": 4,
    "comment": "Medical short six say billion bill explain. Task art near serious who within person wait.",
    "created_at": "2003-06-27T00:40:46.113"
  }
},
{
  "model": "recetas.rating",
  "pk": 8,
  "fields": {
    "recipe": 12,
    "user": 2,
    "stars": 2,
    "comment": "Do future officer small scientist avoid. Specific keep near bad smile. Everything cup wall situation tough director see.",
    "created_at": "2005-08-03T05:39:29.852"
  }
},
{
  "model": "recetas.rating",
  "pk": 9,
  "fields": {
    "recipe": 6,
    "user": 1,
    "stars": 5,
    "comment": "Year everybody actually force bar draw. Peace choose yet expect many. Use yourself clear family newspaper star suffer. Music piece attention daughter.",
    "created_at": "2005-05-26T01:07:29.374"
  }
},
{
  "model": "recetas.rating",
  "pk": 10,
  "fields": {
    "recipe": 13,
    "user": 1,
    "stars": 1,
    "comment": "Camera detail throw cost positive major. Firm right his modern act view professor instead.\nPainting half hard claim watch power million around. No party a involve radio owner.",
    "created_at": "1970-01-11T19:30:24.229"
  }
},
{
  "model": "recetas.rating",
  "pk": 11,
  "fields": {
    "recipe": 2,
    "user": 5,
    "stars": 3,
    "comment": "Sell room region recognize everybody. Republican kind compare wall third learn.\nSmall worry third defense adult design. Community show wonder big. Because choice case.",
    "created_at": "1980-06-29T01:22:08.894"
  }
},
{
  "model": "recetas.rating",
  "pk": 12,
  "fields": {
    "recipe": 4,
    "user": 4,
    "stars": 1,
    "comment": "Major step on sell. To address lead research. It hold skin stuff article professional.\nInclude arm movement can plan million interview. Teach government maintain one next glass candidate.",
    "created_at": "1982-11-02T08:15:13.844"
  }
},
{
  "model": "recetas.rating",
  "pk": 13,
  "fields": {
    "recipe": 7,
    "user": 10,
    "stars": 2,
    "comment": "Where behavior weight despite he message safe. Environmental dinner smile under kind energy western.\nMonth keep must give increase. Each here born worry over government team.",
    "created_at": "2014-07-19T11:06:43.895"
  }
},
{
  "model": "recetas.rating",
  "pk": 14,
  "fields": {
    "recipe": 4,
    "user": 5,
    "stars": 1,
    "comment": "Need enjoy fill manager.\nForm traditional dark mission pull. International or high.\nProduct here seven type age. Attorney contain assume important enter want.",
    "created_at": "1987-09-26T12:31:02.305"
  }
},
{
  "model": "recetas.rating",
  "pk": 15,
  "fields": {
    "recipe": 9,
    "user": 13,
    "stars": 1,
    "comment": "Wonder type cost. Stop management edge society.\nFocus task finally. Feel debate result represent life. Information goal control my.",
    "created_at": "2021-06-18T10:59:42.068"
  }
},
{
  "model": "recetas.rating",
  "pk": 16,
  "fields": {
    "recipe": 6,
    "user": 20,
    "stars": 5,
    "comment": "Esa contra del grupo apoyo tipos actividades relaciones.",
    "created_at": "2025-10-11T12:48:40.488"
  }
},
{
  "model": "recetas.rating",
  "pk": 17,
  "fields": {
    "recipe": 24,
    "user": 24,
    "stars": 1,
    "comment": "Pp noche cámara casi san consejo dice.",
    "created_at": "2025-10-11T12:48:40.500"
  }
},
{
  "model": "recetas.rating",
  "pk": 18,
  "fields": {
    "recipe": 11,
    "user": 9,
    "stars": 3,
    "comment": "Allá reforma nuestros período acto.",
    "created_at": "2025-10-11T12:48:40.513"
  }
},
{
  "model": "recetas.rating",
  "pk": 19,
  "fields": {
    "recipe": 16,
    "user": 12,
    "stars": 1,
    "comment": "Quedó segunda siguientes parte.",
    "created_at": "2025-10-11T12:48:40.525"
  }
},
{
  "model": "recetas.rating",
  "pk": 20,
  "fields": {
    "recipe": 16,
    "user": 13,
    "stars": 1,
    "comment": "Pueden quiero durante puntos segundo suficiente.",
    "created_at": "2025-10-11T12:48:40.537"
  }
},
{
  "model": "recetas.rating",
  "pk": 21,
  "fields": {
    "recipe": 11,
    "user": 19,
    "stars": 2,
    "comment": "Siquiera sala aparece asunto carrera.",
    "created_at": "2025-10-11T12:48:40.552"
  }
},
{
  "model": "recetas.rating",
  "pk": 22,
  "fields": {
    "recipe": 17,
    "user": 25,
    "stars": 3,
    "comment": "El dicho cualquier quedó.",
    "created_at": "2025-10-11T12:48:40.564"
  }
},
{
  "model": "recetas.rating",
  "pk": 23,
  "fields": {
    "recipe": 1,
    "user": 7,
    "stars": 4,
    "comment": "Cuatro ambiente atrás ministro ésta.",
    "created_at": "2025-10-11T12:48:40.576"
  }
},
{
  "model": "recetas.rating",
  "pk": 24,
  "fields": {
    "recipe": 1,
    "user": 21,
    "stars": 2,
    "comment": "Mañana tema resulta lleva cuyo única mirada cultural.",
    "created_at": "2025-10-11T12:48:40.588"
  }
},
{
  "model": "recetas.rating",
  "pk": 25,
  "fields": {
    "recipe": 13,
    "user": 23,
    "stars": 4,
    "comment": "Barcelona aparece respuesta.",
    "created_at": "2025-10-11T12:48:40.600"
  }
},
{
  "model": "recetas.rating",
  "pk": 26,
  "fields": {
    "recipe": 8,
    "user": 20,
    "stars": 5,
    "comment": "Hijos instituciones entrada ex que año.",
    "created_at": "2025-10-11T12:48:40.612"
  }
},
{
  "model": "recetas.rating",
  "pk": 27,
  "fields": {
    "recipe": 14,
    "user": 10,
    "stars": 4,
    "comment": "Una sangre civil salir viaje primero sea total.",
    "created_at": "2025-10-11T12:48:40.624"
  }
},
{
  "model": "recetas.rating",
  "pk": 28,
  "fields": {
    "recipe": 23,
    "user": 25,
    "stars": 1,
    "comment": "Cambios libre diario dirección hospital.",
    "created_at": "2025-10-11T12:48:40.636"
  }
},
{
  "model": "recetas.rating",
  "pk": 29,
  "fields": {
    "recipe": 25,
    "user": 21,
    "stars": 1,
    "comment": "Presenta datos mira sociales.",
    "created_at": "2025-10-11T12:48:40.655"
  }
},
{
  "model": "recetas.rating",
  "pk": 30,
  "fields": {
    "recipe": 23,
    "user": 22,
    "stars": 4,
    "comment": "Fueron españa universidad congreso época dentro.",
    "created_at": "2025-10-11T12:48:40.667"
  }
},
{
  "model": "recetas.contactmessage",
  "pk": 1,
  "fields": {
    "name": "Interest visit stand detail black.",
    "email": "valdezdavid@example.org",
    "subject": "Much imagine certain whole even feel. Trip prevent bring.",
    "message": "Exist ready him race law eye poor. Body sing myself heavy effect source ten. Tv writer move wall early necessary smile contain.",
    "created_at": "1998-04-18T21:13:05.487"
  }
},
{
  "model": "recetas.contactmessage",
  "pk": 2,
  "fields": {
    "name": "Experience party those friend improve.",
    "email": "istone@example.org",
    "subject": "Teach character social eye possible job. Hour sea agreement according long system.",
    "message": "Important fish go administration mission nearly compare. Know important hot huge same responsibility.\nThe yourself nothing loss right. Still red experience behavior defense.",
    "created_at": "1989-10-26T16:07:53.162"
  }
},
{
  "model": "recetas.contactmessage",
  "pk": 3,
  "fields": {
    "name": "Either knowledge pattern list your general.",
    "email": "leemaria@example.org",
    "subject": "Media black benefit four executive firm. Win team prove late police. Better doctor government.",
    "message": "Minute practice effort product medical in. Still argue fly measure.\nSpecific born still. Message class card pick visit.",
    "created_at": "1994-09-07T16:38:38.983"
  }
},
{
  "model": "recetas.contactmessage",
  "pk": 4,
  "fields": {
    "name": "Current item do. Speak hear figure.",
    "email": "delgadowilliam@example.net",
    "subject": "Throw interview consider option beat local experience south. Machine man pretty bank source.",
    "message": "Attorney budget they. Make most our.\nGuy product miss pass young relate question word. Too summer age teacher list. Pass clear challenge office half here too.\nCareer teach ball employee.",
    "created_at": "1973-05-11T22:09:07.803"
  }
},
{
  "model": "recetas.contactmessage",
  "pk": 5,
  "fields": {
    "name": "Culture quite front moment throughout.",
    "email": "ybarrett@example.com",
    "subject": "Hand man machine military threat together blue. Room idea enough good lot.",
    "message": "Note born really. Sister these social pattern student heart.\nForget choose citizen beautiful bring none within. Step find matter well TV will argue. Town whom hospital prepare about quite speak.",
    "created_at": "2021-11-04T20:29:00.724"
  }
},
{
  "model": "recetas.contactmessage",
  "pk": 6,
  "fields": {
    "name": "Mother sing wrong almost.",
    "email": "zperry@example.org",
    "subject": "Week respond town loss protect. Capital grow future response.",
    "message": "Play know improve point point true. Most drug accept alone hit oil make. Finish anything important teach.",
    "created_at": "1975-04-17T06:07:12.897"
  }
},
{
  "model": "recetas.contactmessage",
  "pk": 7,
  "fields": {
    "name": "Ask certain place house major resource college.",
    "email": "andreahart@example.com",
    "subject": "System player themselves worry. Similar choice upon threat start.",
    "message": "Manager morning old can high media window brother.\nPresent may attack cell likely radio participant. Well three recognize life movement.",
    "created_at": "1984-02-09T12:45:26.191"
  }
},
{
  "model": "recetas.contactmessage",
  "pk": 8,
  "fields": {
    "name": "Human family common food become.",
    "email": "pjones@example.org",
    "subject": "Wind mouth spend rise race. Could let consumer push inside because.",
    "message": "Field ground break factor picture. We per beyond executive. Star Mr Mr entire news.\nRole though than fall. Newspaper partner reveal away major president.",
    "created_at": "2003-04-05T23:35:26.376"
  }
},
{
  "model": "recetas.contactmessage",
  "pk": 9,
  "fields": {
    "name": "Store whatever tax early easy.",
    "email": "claudia47@example.org",
    "subject": "Sea bed two computer let against.\nThank along air hundred ability far forward.",
    "message": "Player end Republican building. Sense result next perhaps continue surface. Expert game government similar small less know.",
    "created_at": "2003-05-28T16:20:39.070"
  }
},
{
  "model": "recetas.contactmessage",
  "pk": 10,
  "fields": {
    "name": "Read around as reach ago similar.",
    "email": "ebrown@example.com",
    "subject": "Down beat hard difficult. Happen long space. Thus base agency coach.",
    "message": "Fall hard throw at while here lead.\nPolicy quality director instead. Often ground plant people. Nation air movie voice across bit good.\nMind animal after up situation. Tree condition author star.",
    "created_at": "1978-06-18T00:18:32.566"
  }
},
{
  "model": "recetas.contactmessage",
  "pk": 11,
  "fields": {
    "name": "Also rock exist Mr music sit easy.",
    "email": "palmerdawn@example.org",
    "subject": "Threat situation soldier. Dog better machine hot somebody truth price.",
    "message": "Child statement recognize else answer to. Recent each surface despite.\nNice even cause wide south. Cut day project. Page end pretty people.",
    "created_at": "1976-10-16T02:44:38.495"
  }
},
{
  "model": "recetas.contactmessage",
  "pk": 12,
  "fields": {
    "name": "Floor local shoulder forget behavior fly.",
    "email": "ruben03@example.com",
    "subject": "Southern rule skill argue. Small majority care commercial.",
    "message": "Perhaps success growth standard charge. Land pattern thought foot yourself space.\nStyle capital another many safe help.\nAnother short apply. Factor baby exactly school happy.",
    "created_at": "1989-04-21T05:02:22.398"
  }
},
{
  "model": "recetas.contactmessage",
  "pk": 13,
  "fields": {
    "name": "Option product why while every action focus.",
    "email": "christian77@example.com",
    "subject": "Note strong increase wind sister. Exist join maintain.",
    "message": "Local point sit party country. Program commercial team it tree because too audience.\nDrop church leg break improve well soon. Along model agent raise then. Much certainly skill sort.",
    "created_at": "2022-06-26T00:58:55.299"
  }
},
{
  "model": "recetas.contactmessage",
  "pk": 14,
  "fields": {
    "name": "Sort bag company fact.",
    "email": "katiewyatt@example.com",
    "subject": "Star situation me program listen talk husband. Must understand source threat week.",
    "message": "Main figure detail lose wait. Simply writer tax line. Morning into each find area.\nContain building station onto marriage. Idea medical expert PM.",
    "created_at": "2006-05-06T15:58:18.520"
  }
},
{
  "model": "recetas.contactmessage",
  "pk": 15,
  "fields": {
    "name": "Method others really and one.",
    "email": "greencourtney@example.com",
    "subject": "Throw task difference word large. Around PM challenge peace budget.",
    "message": "Test anyone force public. Sing finally tough artist activity market. Science while tax face.\nToward step line gun serve letter arm.",
    "created_at": "2004-01-19T22:23:36.375"
  }
},
{
  "model": "recetas.contactmessage",
  "pk": 16,
  "fields": {
    "name": "Georgina Ainara Valbuena Neira",
    "email": "ferrerariel@example.com",
    "subject": "Centros pie sido.",
    "message": "Última jorge actividades productos seguridad club todos local. Producción momentos he agua opinión que.",
    "created_at": "2025-10-11T12:48:40.680"
  }
},
{
  "model": "recetas.contactmessage",
  "pk": 17,
  "fields": {
    "name": "Sergio Franco Tudela",
    "email": "qsalom@example.com",
    "subject": "Sigue humano cerca medida población.",
    "message": "Unidos segundo medidas explicó viaje práctica. Derecho chile ahora cierto.",
    "created_at": "2025-10-11T12:48:40.692"
  }
},
{
  "model": "recetas.contactmessage",
  "pk": 18,
  "fields": {
    "name": "Noemí Trillo Alemán",
    "email": "alegriafelipe@example.org",
    "subject": "General anterior aquí sur.",
    "message": "Permite negro ayer internacional rafael pasó. Fuerza sólo base generales color principio igual libre.",
    "created_at": "2025-10-11T12:48:40.707"
  }
},
{
  "model": "recetas.contactmessage",
  "pk": 19,
  "fields": {
    "name": "Amaro Vilalta Lloret",
    "email": "gervasiomartin@example.org",
    "subject": "Haciendo fuentes bastante puedo seguir movimiento.",
    "message": "Dijo fuerzas obstante. Cierta seguir comisión del condiciones podía claro.",
    "created_at": "2025-10-11T12:48:40.719"
  }
},
{
  "model": "recetas.contactmessage",
  "pk": 20,
  "fields": {
    "name": "Eleuterio Duarte",
    "email": "rogelio26@example.com",
    "subject": "Materia violencia régimen materia deben dinero.",
    "message": "Presencia la enfermedad menor sueño punto obstante llega. Buenos perdido todas resultado comenzó serie.",
    "created_at": "2025-10-11T12:48:40.731"
  }
},
{
  "model": "recetas.contactmessage",
  "pk": 21,
  "fields": {
    "name": "Chelo Villaverde Salazar",
    "email": "bgalvez@example.org",
    "subject": "Algún valores crisis teatro productos.",
    "message": "Parte teatro sobre autor hacerlo.",
    "created_at": "2025-10-11T12:48:40.743"
  }
},
{
  "model": "recetas.contactmessage",
  "pk": 22,
  "fields": {
    "name": "Manuel Pereira Sastre",
    "email": "iprieto@example.org",
    "subject": "Dejó origen busca tiene.",
    "message": "Llega quedó mis puso más tuvo esta dado. Domingo participación deben ambiente siquiera mayoría importancia.",
    "created_at": "2025-10-11T12:48:40.754"
  }
},
{
  "model": "recetas.contactmessage",
  "pk": 23,
  "fields": {
    "name": "Manu de Pombo",
    "email": "dominguezapolonia@example.org",
    "subject": "Participación llevar mitad estaba doctor.",
    "message": "Empresas realizar revolución cada ningún música español salida. Campo bueno ocasión p programa.",
    "created_at": "2025-10-11T12:48:40.766"
  }
},
{
  "model": "recetas.contactmessage",
  "pk": 24,
  "fields": {
    "name": "Socorro Gema Macias Urrutia",
    "email": "pamador@example.net",
    "subject": "Ver paciente consumo lenguaje.",
    "message": "Escuela movimiento papel manuel. Presenta ciencia voz área fue fuentes deja.",
    "created_at": "2025-10-11T12:48:40.778"
  }
},
{
  "model": "recetas.contactmessage",
  "pk": 25,
  "fields": {
    "name": "María Fernanda de Bermúdez",
    "email": "bvarela@example.com",
    "subject": "Importante es pasa posible maría.",
    "message": "D civil si tenían república buenos c. Mes juan llegar energía curso ambiente. Suerte estuvo razones diversas cierto función objetivo.",
    "created_at": "2025-10-11T12:48:40.790"
  }
}
]
